city,share_transactions_with_nonartificial,share_transactions_artificial_only,share_transactions_nonartificial_only,mean_nonartificial_types_per_transaction,median_nonartificial_types_per_transaction,mean_transaction_length,cluster,country_code
AUGSBURG,0.4691462383770076,0.5308537616229924,0.00507185122569738,0.8250211327134404,0.0,5.342349957734573,1,DE
AVILA,0.775491113189897,0.2245088868101029,0.11942625506704085,1.6152167134393514,2.0,5.183037106329904,2,ES
BAMBERG,0.6340468909276249,0.3659531090723751,0.0254841997961264,1.3241590214067278,1.0,6.198776758409786,1,DE
BANSKA_BYSTRICA,0.784586228679722,0.21541377132027795,0.02337334175615919,1.5533796588755528,2.0,6.053063802905875,1,SK
BARLETTA,0.7763975155279503,0.2236024844720497,0.044513457556935816,1.5253623188405796,2.0,4.795548654244306,2,IT
BASEL,0.532258064516129,0.46774193548387094,0.013824884792626729,1.0371543778801844,1.0,5.685195852534562,4,CH
BEAUVAIS,0.8730531883632089,0.12694681163679106,0.04642962092271525,2.2189244784014104,2.0,5.808110490743462,5,FR
BERN,0.666267942583732,0.33373205741626794,0.005382775119617225,1.2419258373205742,1.0,6.191088516746412,4,CH
BIELSKO_BIALA,0.7694262890341321,0.23057371096586782,0.002178649237472767,1.6299927378358752,2.0,6.352578068264343,5,PL
BURNLEY,0.5820292781423524,0.41797072185764766,0.02271580010095911,1.0318021201413428,1.0,5.858657243816254,1,UK
CALAIS,0.7117858980957282,0.28821410190427177,0.016984045290787442,1.5841482243952651,2.0,5.9413278435409165,6,FR
CAMBRIDGE,0.34363636363636363,0.6563636363636364,0.0036363636363636364,0.5418181818181819,0.0,5.465454545454546,4,UK
CELLE,0.8091127098321343,0.1908872901678657,0.09304556354916067,1.9918465227817745,2.0,5.8302158273381295,6,DE
CESKE_BUDEJOVICE,0.6342962507682852,0.36570374923171484,0.012292562999385371,1.2489244007375537,1.0,5.717271051014136,1,CZ
CHALONS_EN_CHAMPAGNE,0.7224469160768453,0.2775530839231547,0.0358948432760364,1.506066734074823,1.0,5.658240647118301,1,FR
CHELTENHAM,0.35864978902953587,0.6413502109704642,0.016033755274261603,0.6759493670886076,0.0,5.3443037974683545,4,UK
COSENZA,0.811864406779661,0.188135593220339,0.011016949152542373,2.204237288135593,2.0,6.135593220338983,7,IT
DROBETA_TURNU_SEVERIN,0.5702380952380952,0.4297619047619048,0.04523809523809524,1.1273809523809524,1.0,5.030952380952381,3,RO
DUNDEE_CITY,0.2783375314861461,0.7216624685138538,0.001889168765743073,0.5075566750629723,0.0,5.339420654911839,4,UK
ELBLAG,0.6739130434782609,0.32608695652173914,0.03373313343328336,1.6304347826086956,2.0,6.10944527736132,1,PL
ENSCHEDE,0.6323296354992076,0.3676703645007924,0.0038487661308580483,1.446230473171836,2.0,5.688702739415893,6,NL
FARO,0.9221888709305011,0.07781112906949895,0.028169014084507043,2.0690371738628492,2.0,5.6672823828215195,6,PT
FOGGIA,0.7941427960666951,0.20585720393330484,0.01453612654980761,1.065840102607952,1.0,4.434587430525866,2,IT
FULDA,0.7659430122116689,0.23405698778833106,0.046811397557666216,1.5318860244233379,2.0,5.756445047489824,6,DE
GALWAY,0.730632911392405,0.26936708860759495,0.0060759493670886075,1.4997468354430379,1.0,6.177215189873418,1,IE
GERA,0.7889423076923077,0.2110576923076923,0.0375,1.883173076923077,2.0,6.172596153846154,5,DE
GLOGOW,0.6172248803827751,0.3827751196172249,0.025518341307814992,1.3620414673046253,1.0,6.212121212121212,1,PL
GNIEZNO,0.7698412698412699,0.23015873015873015,0.004761904761904762,1.4468253968253968,1.0,6.662698412698413,3,PL
GOUDA,0.46472019464720193,0.5352798053527981,0.0,0.6958637469586375,0.0,6.261557177615572,1,NL
GUIMARAES,0.9821626524236622,0.0178373475763378,0.007155094225536632,2.439584802982969,2.0,7.459941549934496,5,PT
HASTINGS,0.4928571428571429,0.5071428571428571,0.008333333333333333,0.8678571428571429,0.0,6.333333333333333,4,UK
HRADEC_KRALOVE,0.7214748380667663,0.2785251619332337,0.01943198804185351,1.4235176880916791,1.0,5.829596412556054,1,CZ
INNSBRUCK,0.7470039946737683,0.2529960053262317,0.015978695073235686,1.403462050599201,1.0,6.0965379494007985,4,AT
IOANNINA,0.7361256544502618,0.2638743455497382,0.0036649214659685864,1.4225130890052355,1.0,5.739267015706806,1,EL
IRUN,0.7777777777777778,0.2222222222222222,0.02904040404040404,1.6767676767676767,2.0,6.164141414141414,6,ES
KARLOVY_VARY,0.849624060150376,0.15037593984962405,0.009189640768588136,1.4853801169590644,1.0,6.334168755221387,1,CZ
KECSKEMET,0.8165988608624898,0.18340113913751016,0.013181448331977217,1.8426362896663955,2.0,5.552644426362897,6,HU
KORTRIJK,0.7703672435626847,0.22963275643731532,0.0008442380751371887,1.5445335584634867,2.0,6.380329252849304,6,BE
KUOPIO,0.9860671310956302,0.013932868904369854,0.13390029856147653,2.6012847190807924,2.0,4.551886365692572,7,FI
LARISA,0.5729442970822282,0.4270557029177719,0.003713527851458886,0.8068965517241379,1.0,5.039787798408488,2,EL
LEMESOS,0.6616777763803295,0.33832222361967046,0.001383473776883411,1.067161363350522,1.0,6.105395547729845,3,CY
LE_MANS,0.6935443977244621,0.306455602275538,0.004946821667078902,1.4496660895374722,1.0,5.641108088053426,6,FR
LIBEREC,0.6591735537190082,0.34082644628099174,0.005289256198347108,1.4370247933884297,1.0,6.265454545454546,1,CZ
LIEPAJA,0.532258064516129,0.46774193548387094,0.012733446519524618,1.1366723259762308,1.0,5.300509337860781,1,LV
LINCOLN,0.5097847358121331,0.49021526418786693,0.004892367906066536,0.9686888454011742,1.0,5.800391389432486,4,UK
LIVORNO,0.6593647316538883,0.34063526834611174,0.013691128148959474,1.4457831325301205,1.0,5.742059145673603,6,IT
LJUBLJANA,0.7937640375214692,0.20623596247853085,0.002113885585942661,1.6526621746597965,2.0,5.615272823358436,4,SI
LUBECK,0.7379780386217342,0.26202196137826583,0.023097311624384703,1.63801590306702,2.0,5.938280954184021,4,DE
LUXEMBOURG,0.6563049853372434,0.3436950146627566,0.0017595307917888563,1.209384164222874,1.0,5.964222873900293,1,LU
MAASTRICHT,0.5600835945663531,0.4399164054336468,0.006269592476489028,1.2920585161964473,1.0,6.212121212121212,1,NL
MANRESA,0.7717996289424861,0.22820037105751392,0.022263450834879406,1.7105751391465678,2.0,5.937847866419295,2,ES
MARIBOR,0.8510151558478696,0.1489848441521304,0.008864741206748641,1.9436659994280812,2.0,5.623677437803832,7,SI
MARTIGUES,0.900398406374502,0.099601593625498,0.01045816733067729,2.014940239043825,2.0,5.951195219123506,7,FR
MODENA,0.7399845916795069,0.2600154083204931,0.004044684129429892,1.4687981510015409,2.0,5.776964560862866,6,IT
MOSTAR,0.6988636363636364,0.30113636363636365,0.002840909090909091,1.6420454545454546,2.0,6.3210227272727275,3,BA
NARVA,0.7014446227929374,0.2985553772070626,0.0449438202247191,1.5890850722311396,2.0,5.443017656500802,4,EE
NEUMUNSTER,0.6864738076622361,0.31352619233776385,0.018764659890539485,1.511336982017201,2.0,5.922595777951525,4,DE
NEWPORT,0.72932005197055,0.27067994802945,0.016890428757037678,1.4027717626678216,1.0,5.398873971416197,4,UK
NITRA,0.6373770491803279,0.3626229508196721,0.01901639344262295,1.2649180327868852,1.0,5.828196721311476,1,SK
NORRKOPING,0.9691421821940056,0.03085781780599439,0.1542152664993356,2.8297652443525765,3.0,5.117820758895615,7,SE
NOVI_SAD,0.6076388888888888,0.3923611111111111,0.006944444444444444,1.0260416666666667,1.0,5.258680555555555,1,RS
NYIREGYHAZA,0.8778042959427208,0.12219570405727924,0.02315035799522673,2.0121718377088307,2.0,5.6381861575179,6,HU
ODENSE,0.8066327425864187,0.19336725741358132,0.013511142305667662,1.7543428671696788,2.0,5.821196701175645,6,DK
OLOMOUC,0.7379807692307693,0.2620192307692308,0.008413461538461538,1.515625,1.0,5.949519230769231,1,CZ
OOSTENDE,0.4818007662835249,0.5181992337164751,0.0019157088122605363,0.8908045977011494,0.0,5.293103448275862,1,BE
ORLEANS,0.6861948301162659,0.3138051698837341,0.008804605485946495,1.4441810588102495,1.0,5.655604470030477,1,FR
OSNABRUCK,0.7216706607326259,0.2783293392673742,0.011982197877439232,1.7404998288257445,2.0,6.157137966449846,6,DE
OVIEDO,0.8796680497925311,0.12033195020746888,0.018257261410788383,2.2756846473029047,2.0,6.151701244813278,7,ES
PABIANICE,0.7199602780536246,0.2800397219463754,0.00893743793445879,1.3505461767626614,1.0,5.855014895729891,1,PL
PALENCIA,0.6526548672566371,0.3473451327433628,0.04793510324483776,1.2455752212389382,1.0,5.906342182890856,1,ES
PANEVEZYS,0.6662412252712189,0.3337587747287811,0.0038289725590299937,1.217613273771538,1.0,5.37906828334397,1,LT
PARDUBICE,0.6568115942028986,0.34318840579710147,0.020289855072463767,1.4028985507246376,1.0,5.8765217391304345,1,CZ
PARMA,0.8345508390918065,0.16544916090819348,0.013622902270483711,1.3293188548864758,1.0,5.668114511352418,3,IT
PASSAU,0.9180116204002582,0.08198837959974177,0.006455777921239509,2.196255648805681,2.0,6.987088444157521,5,DE
PAVIA,0.8065902578796562,0.19340974212034384,0.027220630372492838,1.744269340974212,2.0,6.406876790830945,6,IT
PERPIGNAN,0.813395985982797,0.18660401401720292,0.05646702771583307,2.286237655304237,2.0,5.998247849633641,2,FR
PERUGIA,0.9504950495049505,0.04950495049504951,0.015285739100225812,2.069914886225465,2.0,5.83003300330033,7,IT
PESARO,0.8675456997302967,0.13245430026970334,0.0068924183398261915,2.1303566077314953,2.0,5.858555588852263,7,IT
PILA,0.7729852440408627,0.22701475595913734,0.07377979568671963,1.833144154370034,2.0,5.979568671963678,1,PL
PLAUEN,0.7498660953401178,0.25013390465988217,0.04713444027852169,1.8141403320835565,2.0,6.170326727370113,5,DE
PLOVDIV,0.43125864453665286,0.5687413554633471,0.009681881051175657,0.7485477178423237,0.0,4.693499308437068,1,BG
PLZEN,0.7184942716857611,0.281505728314239,0.004582651391162029,1.5495908346972176,1.0,5.747954173486089,1,CZ
PODGORICA,0.5400921658986175,0.4599078341013825,0.0018433179723502304,0.9253456221198156,1.0,5.941013824884792,4,ME
PRESOV,0.7310344827586207,0.2689655172413793,0.01532567049808429,1.2505747126436781,1.0,6.035249042145594,1,SK
PRILEP,0.38142857142857145,0.6185714285714285,0.0,0.6671428571428571,0.0,4.99,1,MK
PRISTINA,0.6273100616016427,0.3726899383983573,0.003080082135523614,0.9322381930184805,1.0,6.006160164271047,3,XK
REYKJAVIK,0.6993051168667088,0.30069488313329124,0.011686670878079595,1.1974099810486418,1.0,5.199936828806065,4,IS
RIJEKA,0.75809199318569,0.24190800681431004,0.00596252129471891,1.208688245315162,1.0,6.146507666098808,1,HR
SALZBURG,0.636326194398682,0.36367380560131796,0.002059308072487644,1.0564250411861615,1.0,6.039126853377265,4,AT
SATU_MARE,0.7706260971328263,0.2293739028671738,0.07840842598010532,1.4985371562317145,2.0,5.305441778818023,6,RO
SHKODER,0.541958041958042,0.458041958041958,0.027972027972027972,1.013986013986014,1.0,5.031468531468532,6,AL
STAVANGER,0.5984280100035727,0.4015719899964273,0.008217220435869954,0.9764201500535906,1.0,5.972132904608789,4,NO
TARBES,0.7682357168523176,0.23176428314768235,0.024793388429752067,1.5249730506647503,2.0,5.973769313690262,6,FR
TOLEDO,0.8219575951205345,0.17804240487946557,0.01858844031367993,1.9151902410688353,2.0,5.4231774615161195,2,ES
TULCEA,0.8221528861154446,0.17784711388455537,0.17082683307332294,2.286271450858034,2.0,5.414976599063962,2,RO
USTI_NAD_LABEM,0.7639046538024972,0.23609534619750283,0.01532349602724177,1.3723041997729852,1.0,6.085698070374574,1,CZ
VALLETTA,0.4655218674537161,0.5344781325462838,0.00026831231553528306,0.8696002146498524,0.0,5.185403810034881,1,MT
VASTERAS,0.9296714579055442,0.07032854209445585,0.1353952772073922,2.4893480492813143,3.0,4.9707392197125255,7,SE
WORCESTER,0.5063538611925709,0.49364613880742914,0.0019550342130987292,0.8299120234604106,1.0,5.728250244379277,4,UK
ZILINA,0.7235494880546075,0.2764505119453925,0.023890784982935155,1.6832764505119453,2.0,5.752901023890785,1,SK
