cluster,rank,itemset,itemset_description,cluster_mean_exact_support,overall_mean_exact_support,cluster_minus_overall
1,1,11100,continuous urban fabric,0.5628404438238602,0.36266006067255807,0.20018038315130215
1,2,11100 12220,continuous urban fabric + other roads and associated land,0.5623595261246737,0.36225656682323953,0.20010295930143412
1,3,11100 12100 12220,continuous urban fabric + industrial/commercial/public/military/private units + other roads and associated land,0.4335808832326586,0.2747604991935583,0.15882038403910026
1,4,11100 12100,continuous urban fabric + industrial/commercial/public/military/private units,0.43386568313345797,0.27505901742205874,0.15880666571139923
1,5,11100 11210,continuous urban fabric + discontinuous dense urban fabric,0.44679772722359573,0.2950533749471611,0.15174435227643462
1,6,11100 11210 12220,continuous urban fabric + discontinuous dense urban fabric + other roads and associated land,0.4465823829325214,0.2949479681861612,0.1516344147463602
1,7,11100 14100,continuous urban fabric + green urban areas,0.2730145691057818,0.13997311625125047,0.13304145285453134
1,8,11100 12220 14100,continuous urban fabric + other roads and associated land + green urban areas,0.2728550157054236,0.1398852708603704,0.1329697448450532
1,9,11100 11210 12100,continuous urban fabric + discontinuous dense urban fabric + industrial/commercial/public/military/private units,0.3387925524996068,0.21879197832510625,0.12000057417450058
1,10,11100 11210 12100 12220,continuous urban fabric + discontinuous dense urban fabric + industrial/commercial/public/military/private units + other roads and associated land,0.3386653155539621,0.21872524720943778,0.11994006834452434
1,11,11100 12100 14100,continuous urban fabric + industrial/commercial/public/military/private units + green urban areas,0.22613468212104892,0.1071064937581343,0.11902818836291462
1,12,11100 12100 12220 14100,continuous urban fabric + industrial/commercial/public/military/private units + other roads and associated land + green urban areas,0.22605028090039891,0.1070449516301521,0.11900532927024682
1,13,11210,discontinuous dense urban fabric,0.6625082699647257,0.5445247336304413,0.11798353633428438
1,14,11210 12220,discontinuous dense urban fabric + other roads and associated land,0.6597765278156889,0.5428094858714132,0.11696704194427565
1,15,11100 11210 14100,continuous urban fabric + discontinuous dense urban fabric + green urban areas,0.21918047483081599,0.1085396859393594,0.11064078889145658
2,1,32000,herbaceous vegetation associations,0.306116710421454,0.09119127400675708,0.2149254364146969
2,2,21000,arable land,0.6263709656751602,0.42522649628271,0.20114446939245018
2,3,21000 32000,arable land + herbaceous vegetation associations,0.23907543817224028,0.04111574220019017,0.1979596959720501
2,4,12220 32000,other roads and associated land + herbaceous vegetation associations,0.2570813355618189,0.07743199672732541,0.17964933883449347
2,5,22000,permanent crops,0.20188230478454527,0.028660333723699062,0.17322197106084622
2,6,12220 21000 32000,other roads and associated land + arable land + herbaceous vegetation associations,0.2003047706140088,0.03464148777480858,0.16566328283920023
2,7,12220 21000,other roads and associated land + arable land,0.5331035604875771,0.38316538647937554,0.14993817400820159
2,8,12220 22000,other roads and associated land + permanent crops,0.16301474828571866,0.023941447755365317,0.13907330053035333
2,9,21000 22000,arable land + permanent crops,0.14020932243452244,0.01580935237279709,0.12439997006172535
2,10,12100 32000,industrial/commercial/public/military/private units + herbaceous vegetation associations,0.15111354879727512,0.04072488579702752,0.1103886630002476
2,11,12100 21000,industrial/commercial/public/military/private units + arable land,0.3406624831731076,0.23273047002902977,0.10793201314407783
2,12,12220 21000 22000,other roads and associated land + arable land + permanent crops,0.11203202320985697,0.013280556326380708,0.09875146688347626
2,13,12100 12220 21000,industrial/commercial/public/military/private units + other roads and associated land + arable land,0.31829576004005117,0.22393006378584013,0.09436569625421104
2,14,12100 12220 32000,industrial/commercial/public/military/private units + other roads and associated land + herbaceous vegetation associations,0.1267589669269199,0.03662384987363445,0.09013511705328545
2,15,12100 21000 32000,industrial/commercial/public/military/private units + arable land + herbaceous vegetation associations,0.10727430324771865,0.01731936870604696,0.0899549345416717
3,1,13400,land without current use,0.35468227994653456,0.1375259685805101,0.21715631136602445
3,2,12220 13400,other roads and associated land + land without current use,0.35265887519532907,0.13641711494248682,0.21624176025284225
3,3,11210 13400,discontinuous dense urban fabric + land without current use,0.28784128816235327,0.07693712510470578,0.21090416305764748
3,4,11210 12220 13400,discontinuous dense urban fabric + other roads and associated land + land without current use,0.2873468415899762,0.07672117489960044,0.21062566669037575
3,5,12100 13400,industrial/commercial/public/military/private units + land without current use,0.26654601785219173,0.08542055500108915,0.1811254628511026
3,6,12100 12220 13400,industrial/commercial/public/military/private units + other roads and associated land + land without current use,0.2645435748248785,0.08472153662465187,0.17982203820022663
3,7,11210 12100 13400,discontinuous dense urban fabric + industrial/commercial/public/military/private units + land without current use,0.21696566595818054,0.046284647307947464,0.17068101865023308
3,8,11210 12100 12220 13400,discontinuous dense urban fabric + industrial/commercial/public/military/private units + other roads and associated land + land without current use,0.2164712193858035,0.046132523256540416,0.17033869612926308
3,9,11240 12220 21000,discontinuous very-low-density urban fabric + other roads and associated land + arable land,0.23817206260794221,0.07092052682912971,0.16725153577881252
3,10,11240 21000,discontinuous very-low-density urban fabric + arable land,0.2417723655825079,0.07491254375864488,0.166859821823863
3,11,12220 13400 21000,other roads and associated land + land without current use + arable land,0.1822909255981365,0.021077486808424358,0.16121343878971214
3,12,11230 12220 21000,discontinuous low-density urban fabric + other roads and associated land + arable land,0.2578154578740412,0.09719973444440651,0.1606157234296347
3,13,13400 21000,land without current use + arable land,0.18360952724140456,0.023292449324692835,0.16031707791671174
3,14,11220 21000,discontinuous medium-density urban fabric + arable land,0.2966976979307072,0.13696787890438034,0.15972981902632688
3,15,11230 21000,discontinuous low-density urban fabric + arable land,0.25912900644688425,0.09949247186697152,0.15963653457991273
4,1,11220 12220,discontinuous medium-density urban fabric + other roads and associated land,0.6194230792275409,0.37251970516190785,0.24690337406563306
4,2,11220,discontinuous medium-density urban fabric,0.6209052015587007,0.37560122728160755,0.2453039742770931
4,3,11220 12100 12220,discontinuous medium-density urban fabric + industrial/commercial/public/military/private units + other roads and associated land,0.43971159728155595,0.24731295680452345,0.1923986404770325
4,4,11220 12100,discontinuous medium-density urban fabric + industrial/commercial/public/military/private units,0.4403578142828097,0.24815351354953602,0.19220430073327366
4,5,11210 11220 12220,discontinuous dense urban fabric + discontinuous medium-density urban fabric + other roads and associated land,0.4530381329087697,0.2739929442483164,0.17904518866045332
4,6,11220 14100,discontinuous medium-density urban fabric + green urban areas,0.28175391128288585,0.10271824494565562,0.17903566633723023
4,7,11210 11220,discontinuous dense urban fabric + discontinuous medium-density urban fabric,0.4534041662756032,0.2744301379172112,0.178974028358392
4,8,11220 12220 14100,discontinuous medium-density urban fabric + other roads and associated land + green urban areas,0.2813572093216547,0.10261300056412523,0.17874420875752947
4,9,11210 11220 12100,discontinuous dense urban fabric + discontinuous medium-density urban fabric + industrial/commercial/public/military/private units,0.33362168630957695,0.18423605509867957,0.14938563121089737
4,10,11210 11220 12100 12220,discontinuous dense urban fabric + discontinuous medium-density urban fabric + industrial/commercial/public/military/private units + other roads and associated land,0.3334085645472681,0.18407176857355526,0.14933679597371283
4,11,11210 11220 14100,discontinuous dense urban fabric + discontinuous medium-density urban fabric + green urban areas,0.22027574068094205,0.08153412260100172,0.13874161807994034
4,12,11210 11220 12220 14100,discontinuous dense urban fabric + discontinuous medium-density urban fabric + other roads and associated land + green urban areas,0.22009994787561216,0.08149256254067043,0.1386073853349417
4,13,11220 12100 14100,discontinuous medium-density urban fabric + industrial/commercial/public/military/private units + green urban areas,0.20406753114504061,0.07154886317336583,0.13251866797167478
4,14,11220 12100 12220 14100,discontinuous medium-density urban fabric + industrial/commercial/public/military/private units + other roads and associated land + green urban areas,0.20378915101477987,0.07148351311442246,0.13230563790035743
4,15,11220 11230 12220,discontinuous medium-density urban fabric + discontinuous low-density urban fabric + other roads and associated land,0.27437723444142487,0.14462436141417562,0.12975287302724925
5,1,11230,discontinuous low-density urban fabric,0.5316526890942544,0.23609486024651571,0.29555782884773873
5,2,11230 12220,discontinuous low-density urban fabric + other roads and associated land,0.5265196927996935,0.23361774513025396,0.2929019476694395
5,3,11230 23000,discontinuous low-density urban fabric + pastures,0.40524860074571684,0.12438862816639404,0.2808599725793228
5,4,23000 31000,pastures + forests,0.47330313831317056,0.19314480196841807,0.2801583363447525
5,5,11230 12220 23000,discontinuous low-density urban fabric + other roads and associated land + pastures,0.400646049118672,0.12277671249740336,0.27786933662126867
5,6,31000,forests,0.5627319659619544,0.29269036965265466,0.27004159630929975
5,7,12220 23000 31000,other roads and associated land + pastures + forests,0.4273646074603524,0.16359917356827075,0.2637654338920816
5,8,12220 31000,other roads and associated land + forests,0.5114330224746013,0.2532114740967861,0.2582215483778152
5,9,11230 31000,discontinuous low-density urban fabric + forests,0.30675814158314485,0.060290199165505855,0.246467942417639
5,10,23000,pastures,0.6954896482512728,0.4503828058556061,0.2451068423956667
5,11,11230 12220 31000,discontinuous low-density urban fabric + other roads and associated land + forests,0.30311165582819305,0.05946487998559113,0.24364677584260191
5,12,11230 21000,discontinuous low-density urban fabric + arable land,0.3370229116905235,0.09949247186697152,0.237530439823552
5,13,21000 23000 31000,arable land + pastures + forests,0.35176796198720767,0.11458446265065085,0.2371834993365568
5,14,21000 31000,arable land + forests,0.3924882983148639,0.15585249424836992,0.236635804066494
5,15,11230 12220 21000,discontinuous low-density urban fabric + other roads and associated land + arable land,0.3330584855893066,0.09719973444440651,0.23585875114490013
6,1,21000 23000,arable land + pastures,0.44816419836404303,0.2796899166035233,0.1684742817605197
6,2,23000,pastures,0.615701358613888,0.4503828058556061,0.1653185527582819
6,3,12220 21000 23000,other roads and associated land + arable land + pastures,0.40256182960733744,0.24957640080191867,0.15298542880541877
6,4,12220 23000,other roads and associated land + pastures,0.5537281209617391,0.40778167372326735,0.14594644723847172
6,5,21000,arable land,0.5330998367045976,0.42522649628271,0.10787334042188762
6,6,12100 23000,industrial/commercial/public/military/private units + pastures,0.3361260376977555,0.23781953077901744,0.09830650691873807
6,7,12220 21000,other roads and associated land + arable land,0.4813603462088624,0.38316538647937554,0.09819495972948689
6,8,11300 21000 23000,isolated structures + arable land + pastures,0.15446169855401518,0.059939430802910455,0.09452226775110473
6,9,12100 12220 23000,industrial/commercial/public/military/private units + other roads and associated land + pastures,0.3240390466107941,0.2296960936515067,0.09434295295928738
6,10,12100 21000 23000,industrial/commercial/public/military/private units + arable land + pastures,0.22976573102560638,0.1367711784530438,0.09299455257256259
6,11,11300 21000,isolated structures + arable land,0.1862237710930857,0.09334327687364724,0.09288049421943845
6,12,11300 23000,isolated structures + pastures,0.18893917022245774,0.09651395990925599,0.09242521031320175
6,13,12100 12220 21000 23000,industrial/commercial/public/military/private units + other roads and associated land + arable land + pastures,0.2223058412843771,0.13082653460414248,0.09147930668023463
6,14,11230 23000,discontinuous low-density urban fabric + pastures,0.21466639610389562,0.12438862816639404,0.09027776793750159
6,15,11230 12220 23000,discontinuous low-density urban fabric + other roads and associated land + pastures,0.21056678685688437,0.12277671249740336,0.08779007435948101
7,1,31000,forests,0.6585901564464529,0.29269036965265466,0.36589978679379825
7,2,11300,isolated structures,0.43650760034323277,0.1428418081662727,0.2936657921769601
7,3,23000 31000,pastures + forests,0.48654779585901053,0.19314480196841807,0.29340299389059243
7,4,12220 31000,other roads and associated land + forests,0.5378841682223462,0.2532114740967861,0.28467269412556007
7,5,11300 31000,isolated structures + forests,0.3376065470851534,0.06173449454885328,0.27587205253630015
7,6,11300 23000,isolated structures + pastures,0.35267186789320726,0.09651395990925599,0.25615790798395127
7,7,11300 12220,isolated structures + other roads and associated land,0.3698303820080216,0.11883644103664656,0.25099394097137506
7,8,12220 23000 31000,other roads and associated land + pastures + forests,0.4051289905622415,0.16359917356827075,0.24152981699397075
7,9,11300 12220 31000,isolated structures + other roads and associated land + forests,0.280912281750916,0.04716420922333248,0.2337480725275835
7,10,11300 23000 31000,isolated structures + pastures + forests,0.27503020349426116,0.046144465453137,0.22888573804112416
7,11,11300 12220 23000,isolated structures + other roads and associated land + pastures,0.3032474286269325,0.08257223001137602,0.22067519861555646
7,12,23000,pastures,0.6564988315580134,0.4503828058556061,0.20611602570240728
7,13,21000 31000,arable land + forests,0.3553779199411313,0.15585249424836992,0.1995254256927614
7,14,11300 12220 23000 31000,isolated structures + other roads and associated land + pastures + forests,0.23440134291256098,0.03809179060765694,0.19630955230490404
7,15,11300 21000,isolated structures + arable land,0.2836129500008125,0.09334327687364724,0.19026967312716525
