file,bytes,sha256
analysis_config.json,1215,651069a45d746f5f1dd755b479cb5bc5b89059267156ce19ff7f8be8e23dc2ac
city_itemset_exact_support_10pct.csv.gz,121315,8da258f8c5c62041844c6c2799fad1420cb5fe4a659a354397ea477e928a9922
city_itemset_support_counts_10pct.csv.gz,52095,1993d3ec1dee353f49a71ce9504114f8df0b48a31a6b494a8b6556be5fdbe074
city_transaction_level_rural_diagnostics.csv,11648,24932effe503869c0a714f72dd104a2883043ebfd6978335e1ce11d54aff86c3
cluster_by_country_crosstab.csv,659,7231f3209e76bae8e841ac9f0abec40bc213a3c908d4e7d9b8233c1de03a6696
cluster_characteristic_itemsets.csv,15313,4b8ea95106ed38cb962601de2a824b321feaed6e8ae87809c659c027aec8d263
cluster_country_composition.csv,565,81ff94f148ae03937498651ba84ba6c0f01a1834b2a58d9778b0290ca78b94fd
cluster_transaction_level_rural_profiles.csv,2189,55be180534f3a3db08b4add0155c94c445d3dea2c52e2e5cb47b5a8aa98fb031
country_cluster_permutation_association.csv,207,d455b26ab2f3258a9beb77195ade72b5d5f8a909aa5864156847d50795f47382
data_capability_audit.csv,987,8db0467380b063ff296ad86c0679db002d260ec55300c4c9886e3e95378ab591
environment_versions.csv,286,1467b3c3600fed8fb0ca55160c446be5af281752e99949fd90b68c3361ad2b5f
exact_support_threshold_city_labels.csv,2084,3899864eec2e88fd81adcd016ff61a0bad4146bec14f7afc3d4905d875f86283
exact_support_threshold_matrix_audit.csv,411,059414c247ba84c6a33a225e6c0466b6e6440514fc43c239659d7f2a38d88cd5
exact_support_threshold_sensitivity.csv,658,0646b12a91d462cb454fafcf69bf0e6f7340d21e71b557f924e43bb62e7af509
exact_support_threshold_sensitivity.pdf,16361,4043b17f09a2e28ee6514dd0ad3d5e5bf92bab423dc0d25c0c58693b6d7f04ce
exact_support_threshold_sensitivity.png,139900,107c1f7b765b8bfc5919603ab533a7f3cead986e9d77b0234516ca3244c736fa
generated_pdf_integrity.csv,420,83a600544646809d4e055dacf861428cacb64c084a8eb974f8fad3f5056aacbc
historical_olomouc_buffer_calibration.csv,1293,32ca0bf516d05819e5247666c012a30071e9f87285971d5d4d95bb89613289e0
historical_olomouc_buffer_calibration.pdf,17847,dad5890d94d66552a6828b0945406292587eaf341fdbf1c818b5c9820e3ff046
historical_olomouc_buffer_calibration.png,159486,83b238341b586eea1802c48e4c78721168fe104e6d9e587834656855e7c55faf
k_quality_exact_support_10_percent.csv,904,82d47a04921393bcee83916fda7ddc9784a2444082851783713c360c8fd9f901
k_quality_exact_support_12.5_percent.csv,956,25b39c935355f58ebfda4a5b26a070a68f28f8528becd7903af1f4f0f1642064
k_quality_exact_support_15_percent.csv,953,4f2aa17117a09c6aa91298b089601bf7a083abb565fd7b15bd772891e5ab3111
k_quality_exact_support_5_percent.csv,923,02631fe18571bd866f394dbf02a31936e5dda92bf60f9a090738559e50f9487d
k_quality_exact_support_7.5_percent.csv,935,bd4ef858a543a615fe9656a247abc235537f3bf63264fd66f388ff21e912029e
negfin_exact_remining_validation.csv,2469,712e1fb53df73713c3265439f45bed65c41debc099d64318c55a5db822bdbd79
planning_facing_cluster_profiles.csv,4594,7ba5c3ef308cc0a2934b79c5ce7bf8144ad4b63297e79cc44d97a404b5400f67
primary_cluster_assignments.csv,2470,c8c75203186d7cd7fbd37e1797c058774f14cea27e74302c8cc650fee3ad9109
primary_dendrogram.pdf,26089,0e716f4c58f53ba07514329871c79131e75e4c615a09510300938cb41e272deb
primary_dendrogram.png,339801,19fcc85c2be83724e0281d9b665df3e990dbec51b17e2326a248a199db9257ed
primary_distance_heatmap.pdf,188758,923cc635cfaeaea9b0107fa56d2afb51ba5717974a99f0c9c2fa29079e2413fe
primary_distance_heatmap.png,611973,94c6e685ad92a5da70024afbfb0ff789698abf4f0d11cae667743e79666d324c
primary_feature_stability_paired_runs.csv,116343,a3039c341d37e92f384bfa36fa77b8d634851a0fbab93260f4f9df5ebd5a0c26
primary_feature_subsample_plan.csv,37445,5cb1f412d6efa310b6adf199b0d863fbad1403109d28b6d710e46ca7e6812cba
primary_k_quality.csv,1632,1290fa41309da045da080f75905e73cc8785bb41d05eb2049e13c61f4721e2d9
raw_transaction_audit.csv,7911,c88b38501ab966be36f2df7eefff6d3c58eb6933fed89951ac33292009c0fe26
representation_and_geometry_sensitivity.csv,1931,203dff0c4ce7277e73eea4ec24bf4b6c34da9aceb129ffb81f8ea77ccffaa2b6
reviewer_coding_comment_coverage.csv,3073,11744b0ae841a780d1c3136b77cdefe9ae067e81290457824742e8043b881dcf
rural_metric_cluster_associations.csv,742,1d58eb2903afda384d50edf22a9519166d9d0e715e5fd5c0a90a86e543ee4859
source_file_metadata.csv,10612,b9ac789e17e8c5368467f279e8c541a2eafa6da7d01e8bea6390bc34ae61b806
three_way_input_validation.csv,224,1d9aa4aa9a05ef2b3a9deae840ab343734bc2b13e4678364a7aaa1597a95d811
transaction_multiplicity_audit.csv,342,a3d059df3b03ac74ca6b1800b4813179d22d6ee4749bb69a80498005dc862b4d
transaction_rural_signal_by_cluster.pdf,20302,340ac91ea9f4dd3ac689fe95eb805e47697791de2237757bc9f8199ab4dc5a13
transaction_rural_signal_by_cluster.png,179969,dc67ed1dbe514de3b84aa38aa9f9149060ac06d174a89edf1f7754ce52ab0470
umap_all_54_runs.csv,5862,abf4d5cfba610e0d12ef1524e361b3e77404a4465b222f095adf827539a9d09c
umap_overall_diagnostic_ranges.csv,283,00b1685fbbf488e240f67b07efa40712b3c96117ccdb06559c4a10bad627336c
umap_parameter_seed_summary.csv,2834,2a37870ffabe45e7a52617dbce5dcb916df9fbf86b2fa19ac74a7a79d3ee36f7
umap_visualization_original_space_labels.pdf,31031,25a0733c59f60d037c93c03c7265d13d34efb287530a38e275a41e53afb5364c
umap_visualization_original_space_labels.png,335205,5f606a20edefe1ec999174f7696e30425e382283326e855fc13e6c8a3cdd83e4
