repeat,selected_feature_count,selected_index_sha256
1,1234,bccf9794ac5d6cd917bee02c25adb802d28c1e04ae209c3a9ed41d841554c86b
2,1234,08f57b8edb7643915e317638a2a37512dfccba53a9e15d428e9ba7aba2683012
3,1234,609b2b30bbf706a4398742cc3d9f8fe9e4a66d99ee821ab4339a6e1f16730254
4,1234,06f74792923ec842d0816dc690d2431f03446fedebf5197473b8a6cefd288727
5,1234,24872d5ba2f93dcf98b5071e5f3ac9a8bb1de3844c7875f9a7188739555d0cbd
6,1234,39a3662d2035b2ce4520cfc55654938091e4c1b3f51758b0b4853bcaaaf9546e
7,1234,3c2dbd29478dcf0741673ef4dbba959921f444adaeeb8b036a4ec405450f4e2a
8,1234,cb1db69cc112a96d6dc9d6afb0b2fd6ee34a584b19df13f75d7d894e4e47c7ed
9,1234,e0b9f9d6733ed70243dac888023ef16b51d2a13e158d89d222ab20cff562b18b
10,1234,77bf55cec625c82a4dd0d6a348fe890ec8f884dad660b986cf831654e58a099c
11,1234,88f2321b235761757e7cb0eecac2e289c0d883d09b491f1ed2d60a82c7299653
12,1234,8325deda5f8b070664b5a9638ea116d3a047fb66ac119861ed47052f00389669
13,1234,2c1e1edaa490f69c7d8403edd448cfe95cfd75e698d8255e883a6d0121e51476
14,1234,c6a8bcd3f6bffea0ceb105875355fcf3a0bad477b368826d73c2ff46387b79dc
15,1234,a664b3d4697ef8a601a4f121500d0f5bb40442465706a16c01f865766d3695f9
16,1234,58674141e63c9a3bd4aceaf9086ae973ba8450b5fd8381fa170d44a3e0ec4e12
17,1234,bbfcd9dd73e541b98955b84f5ab6d4fc57471bc2555390bcf03641a7e3174e57
18,1234,87d3f6f0b01e64f0888eff07feefb4dac1c37450b69e915103e29fa839b85071
19,1234,552486160b6b73e0732377712336937e76ed9ab39285a41108b481bcaa9fee0b
20,1234,fc09d3b114cded1f03f931a53e4d29f18b053cf1097d1d95df6cc744850a2909
21,1234,d58f813e3372d2b3bd8a31674419fff0a90861762afe2fcb7a5ebce9120c946b
22,1234,0f737be99d75ab18116014504e98635eaaa76514fe0aa0c9a6c90879e55760c3
23,1234,656294afb4b929d04aa4a20c0e7587bbe18fa945548c8be4e093e7a117b57ffe
24,1234,94b60dea2f8b78ab8a85f5c3bd5e73cd738b4d049b6cd0cd48b91e7546e51864
25,1234,d63d47b462b56783f861c7e8364bfbc417a3706cb294cc59681c09df2810b580
26,1234,01164a70807f4d9a866bbfe95294221f6132b20f0137fb7d8b836113763c0b65
27,1234,6c68ed875bd6d94f8c2d3506b4064cb366a849aa0c8f4256c01c1017b74113f5
28,1234,d377e19cfd0f2b71abe584b2d7bf2176e0019a4df11bcbd3192791a88ea61173
29,1234,3ee1eef09795b1c049e3e7eadf41623d2a45b2ac594986dbfd602a7e37250811
30,1234,bcc83bdb9978d283ad15d4ffe87574eb1a3f88e8c01599a9c0d97595317f52de
31,1234,0d65467d2dec52761f19f27a71f5eaf469ec1e9d4ccd75eebfb66ae1b490a201
32,1234,698758f4a1e9cb7346ea64355ac39c19ad0c2c66f926c691e4c2890cae278b58
33,1234,a728662d43896894fef3335412ba58518d39c63d0b0ed1281bd3f5791405ac2a
34,1234,e91557febc20a9bf0b4d215de6cd3aa7e5531f08728a79ff812bb391da04e73c
35,1234,30e0dd981bc436cec5cdbfb8a5eda06ff0261a8322d5f51ee00ca2a035f7fdb3
36,1234,e13f34b1bff30188ecf6ef475ed130005f0b8311df3eaf4f2914fc292b633723
37,1234,c29e0e3a752e938dc86551b178b81d4ed21357c38f2449ff16a9fde67a2710ef
38,1234,470cfc0b471af3a391323e90edd86a0f4c572f0f18701cea2cce233b060ab9e5
39,1234,306e4ce91972231f7c248eb715a1651d662cda0cc56e23fbf06179f92505a318
40,1234,763f819578241dba471debacc2bc892e522449c37d0fd025602c5e909749e931
41,1234,53bea2818061d06256ec1360a9b57a5ce12bbab557cff28ff5487e13040385a4
42,1234,b15fe140e3ae4110be46da64b2f2c8f4bbff3a35ebd75cb0889ef2663e5e7004
43,1234,e733c31da8936d9168cd99289f265c5bcd5818e2e436324a80db038a7e227cbd
44,1234,0d519d33585f438a5a80b7f989ed7682e5ef129fee82a72b4213439778c331ed
45,1234,08089f1618e3aea3cb4462b4b9d444867d09ded0588eb30055649e1774d20cac
46,1234,ae3b958e047a69ca5192504c2b225ad66baa46c064e59868d7719265963a12f8
47,1234,3e8dad529f7f2da2db101f1a523b298101d39a94a445f54deaba001c2a4129be
48,1234,0fdfc166cb9d90e6608ff87bc9f21cc7578a7667a73ac9a69f50d389f4442ea4
49,1234,c19547129916254ee2f299147af834ca32bab7266368bc337b9ec213cb39cdd7
50,1234,d987df0951590caddf06990d6284b5151239d44b805d0f924e2386c9bdbb7a41
51,1234,405ff826738b35a5600804d40618445343ea2412e7db17ab31ed559ded7807e9
52,1234,637883464961ca22cde6cf8edb09ace555c4b38e5859247fa7f74c4d9cb8d266
53,1234,899211b3d6a688bc55e16388ffa3930acbf14ddcaeea3dbb8ad653febf3b048d
54,1234,19ca31d510d07ed4befe3697bce9ded6d1f29038d5c50e135f1641fd33dfc22e
55,1234,5aa3ac9a40cf75abd04231e05817b6cf31b3b7d6a91a650f5cc3d65121f1290c
56,1234,6d645ab488f8cdd90b673d6d1fc915f7d01c5ee4b3bc3971642a93ea6a42023e
57,1234,e73cb210f3ba28f4486cf234005b0820f65354a293c0dc50a0cd35905078cab6
58,1234,dd31ab8757a239f66f14215209bb4b2740381a34d6ca1546ae0eba47f9fe2c57
59,1234,eccc8e63e11077b1515e1e49312f3bfb9df3544fd547b014cbc0a07491acd888
60,1234,51605161206696a719bde70e35695f70861f4b69331f9e955ced5367c4e90177
61,1234,fe23024ee8714deea866e5601c4b2b0a411a401e6d1bc5edc548351ab557892a
62,1234,8f01bc84a48f7980b81373e42f2c6458192cfe0c0663ee6a5bd78966a311e762
63,1234,2242153ad09d12fb3ade64ef590e356034f017af9e665073fbb4a6697f95e8cd
64,1234,9d0434afae50bb29c7d69348b704608302fce9a68cd56771e5ff17850c9129c0
65,1234,4a213379369ce32cc2abed3fc7dbd3af0c0c25e81634c92b85e738790b2ce7c8
66,1234,3eda2c43dde0fe12b49b816f8c3426d189a807374074245b7464c37628fc2842
67,1234,7aed0cd0983a15f2adfcd7b62e54e69322829fdd8b7b68f866700c49f9fde0c4
68,1234,365c4a73e0dbef9cfde1aa751cc5eb04ecb434c03cde103ea4967e3bad147367
69,1234,eef251f10af5dc940d2681f61dccf3e5facbecb9279f117696357a26a345a0b0
70,1234,3e00bc77888bf07620c02a1e1595eec4ce3efade8a6d6b9eda1ed337d6671465
71,1234,0a923d0f2476965a28769f8dfb7c2161372929bc1c20150421a3f9ad367a5bad
72,1234,d2b23ed24ca98351b7e97cee73a6df4de6e86592d6c6f7fe44a5fcbab6987098
73,1234,2d7ecde082eba7e5e470b0b56804680f2dbcb78d11c82c3b3b3e8452cf9f7d7d
74,1234,1ace58a7f213935e4cd0f525d27917ce0f89f1cfdba37428072a619040feddde
75,1234,4d0283703da6bb91c9c4647b2cd5c8bca76870a1e199ec2db33d9cd7f4847f93
76,1234,ea174dbc41e16c2466e1a521515c89ea0d89c84606068a2f6ae818ef3ecdc730
77,1234,da5f9c3197d4dc3e81df8d402400b0b665054b38e453d231af1aa13accf30e1e
78,1234,ebffe985dd4f12e179695edbee400f82fe301edc2d67f3f131259180cbb24285
79,1234,8fdb3652ca70cbd744e12182177b6b16127d8fdad5225c3ad6af6a3bc2879fbe
80,1234,b7871752b4bdc13ad650722cc56eec8814b989e3f4c98ec81862c694128ea513
81,1234,b7260a91b02ba0cf8cdfb6107330594013e7a743b59597ad606b4bc4be59c1cf
82,1234,2445346735d995f2aa2fe9105995fdf296d36d6c3877a8dff8b78c407401448a
83,1234,cf30abd35c156a319f995b47a4f3bf409a2917c9ebf26dd594ab08fc03dc4562
84,1234,ff177709871bb8c841d508b1a28b5c017f2b2457c780d51078e632b5ce0739fe
85,1234,8fd07abbd49cc149f8f0ff50f08a249622af5f2332dfbe337b89328673bc43c1
86,1234,89f0a88eb404705eeb2ddecff226f88f3e5f4a4eaf45b3e4f4970567a70409b5
87,1234,90f35a1e7b33acfdf0b5a189dad778346bb6b63d9b907e89536e23657e7f653b
88,1234,79145ee4de652aaa1d53a4e2666d6c99fb1261876850a32cfabedb12e84898b5
89,1234,532125b1e6ab44d96795807d5421c097702ae6358e9a0eab056cbd192d77b15c
90,1234,e2c8e097de772245898f78883cdd0918907e9bdcac2d94b0c7a8263bdd69960f
91,1234,59f4e47aa34d23fb635974abd2d0b5fa0326608dedf1d54bb4a9842a8f046561
92,1234,89ecadf2043a2f44bf802007a0c80d87fe6f74dc09e1e026cbd99ca202049e88
93,1234,2f9d5e0d63c9451470653c6d56d06f6aa2f5025722545fc1fc6b128ab159674c
94,1234,213d3bd4433189984529bb4feac4d22bbcaccf0d6dea5a60aa7805a921ca8026
95,1234,a91a9ccfdd05c62937f3bc5e5c446b651836291b934998d693c57bffa0d4178f
96,1234,4d25220fb2079a61c3d871741d31932365580b391adefe60ce37a416fc8b58de
97,1234,5516506bb3162342c8b2e6861acedec09f294d492ab8185ffd118403d74b560c
98,1234,834336e2a6f8e7669a3fa57e43b297fd24c86e93941abf9955a42d276c91fec2
99,1234,d12a9db906fdf47b9b0a654b82598c0673847ff0f919f4ed9b287c6c3c20b5f0
100,1234,c4887cd4e0f91ad10a2d3432a73d95e63955e7f4248bed38120ed828d9cb48d4
101,1234,876471983aa0243041fe8a34909920067efa26c1db46664e79fd116d2afc1876
102,1234,1bc444fd17d87cf9810da1d20ed5246fe61fda2019c1d8ade9dcc13f898ae277
103,1234,12bc4d911cc33f1657e203e901a41fc60ec4ea56ccd12df78a433742620562ad
104,1234,51422bab06f3dcad8ebfafd6cc128c3479d67cf4db487727c01792c405ac49c8
105,1234,07a19961db1f98598accb4521038088e59a0f0ece875869db6ff5e557c50fb32
106,1234,7a6689b1a2adff07f2984d2935d8834f263d803131e9ee215295eed09cba0d52
107,1234,bdcf5904792a1ba810ff3852f034587cd57ce1ab5c2bda15eb0527fc3f5e1a4b
108,1234,8e6a76836f623308f2ced488bc1083fd2f6257e6c72a73ab352d8f1ebf391f8d
109,1234,a67e529ff4633231bd8bcc4321942b84ee3500136d0c9a01dbfc1477c43f5be2
110,1234,898fcddf72d8d32ccfb964d1111fe406cdf18e0b4fdbf790bfeb06f88c8202ad
111,1234,21d1b3e043a61438cb5e489a29e2a913a7187d876749ef32418e795809ddc13e
112,1234,b9f1285d44a72a389fa664c552d5b058c406af25562b86ba68ae62df3f8439ee
113,1234,deb7d13001b5936544a1593f19ffdbbdba2512f4a593ebd5ac0bf7ed9526d745
114,1234,64badc0c0498a2871c683ea4d5a4c08e604a5d25567dc91f52f9a1edfc3b60a6
115,1234,c6172be7d6efeabdaa045ceb8fa3681c5ee69b5efa1b63e6559c2058043a4ccb
116,1234,b0908082d939ead8024b349f18621b9fa9f9cad4c6a0762d325167843e84b5a8
117,1234,e921e2c1e64ae814786370ef8dc3d79646f1c39e6f5020a5c9dfecca7c3ec938
118,1234,7ff4b1256247eab563a7ab24c89f131766c48785d94e4bfc33d256254c27f68c
119,1234,3f2bc3880f856dbdeb05b1a537d99fec355819e76ac3f5cafa03b6ab638fc142
120,1234,d5ca5e2571a18cfe57de305fd6bfe19e96e9d503c3d5a6288824b9b62ec39f02
121,1234,8688b27cfbf2028b9f9d3ebb6c8e3bc14b476e5727bd6823af6b9c4700d6ed8e
122,1234,2066fc820a11dc4f539c93267ea6de93f45b7f7804e702a2d21ab2da99ede52b
123,1234,c257836a5a88fa68dd825c361dc2cb140c05a8fa14dd54e6a8c16abf73a197c3
124,1234,d5f17a16626d6c4c5433e154bb19a515ac139935b1701faeb3f267ccda5af186
125,1234,d3c509ddece888b46426118f604869fdbbea5d6ec838a34a45938f975fea7bc4
126,1234,625b8dbd4caab99c32ade75f0cea974e46862f1370d4dafe7bcb76c56dd1bba4
127,1234,6a3e2bb14a93e9dee64b5fea390c472662b262be697f46a9b380a298c6738291
128,1234,2fa8f610cc2bb5d0068f23bc4cc55e32ef9fc119eb389fb5f950d357c841f2e5
129,1234,b72fec5b6dfe321f1c4371de59a315dfae9f4c05feeb18595d276e6f90f59042
130,1234,152369478e92159e39746f5b2658caf2eae0eba7cc3b96d20491725cd2c0bbda
131,1234,c8cd62104bf04309c30e8040e7333f58714141d5a178d4e930761df291d404bc
132,1234,e61964131d121eb922cce5cd360ddda6bb1c90dd4b4b157ee752f5f6c9ca63d6
133,1234,3635d26737f233a5b1fd5fd7395e6f78a955c47b15f967008befa69c89aaf5ba
134,1234,ce768160374158c976394d85bbe4f68a3016cc8ff4f436f1d281069d206c4c36
135,1234,94942d726987daf51d88f7935a502cbc84d91cef9426a8fbe861e6d7348770d4
136,1234,6ca4ae69d01bfce6a3d2ab93123fe4ce7709ca41a8df6770897f2eba309e0ba4
137,1234,d842670f32eb601713cde09e05f0d5a4a7c8611b738cb1881ce1f3f212d3a405
138,1234,9fcff5813870934f246f22c299aa27fd6acb9afc3736f06f74f8f700a5e88983
139,1234,699b1de0861d167a3a40b242dc888de5ace57e3332c28a523372d43b5932bf86
140,1234,661045cba1958f2be955f46211f5d65ca0d7dd56cd28fc92eb15fb0368637e7b
141,1234,256161be7596fc460faa23a9c42f660be2a7b175199d4f6ebe74e4013ff2eb0c
142,1234,221680edb78a267cbda8c5775c292494879b1cb8128dced1f18b231bb022caf7
143,1234,58d6b43d7afa09370a7de7fbb9fa3eb08e53df48859c9706632eb39c4add54a8
144,1234,a1b13fed982245fbdc7ed5a04f3ac8c39c86d1675ee29a74ad86df75ccc207d3
145,1234,d4db832d502a8b45e442b6acfad750de6955cfb9a6d4c7e1d5e7657984eb3f92
146,1234,23a257c602f0501cca911757091e4ec215a8c2f5bf3e578d3df708f001a73310
147,1234,52a656f319e0c698eaec98d308a9f0ff556a438628d7d8080e64eff1b88c97cf
148,1234,d6e1aab1ef07b9e065db9a13f44abd4df9df96b499e1f690e4e4955d85839548
149,1234,a7ab104721b7ec232315b2038077e647b9a2407ea3be98f18063a33587ec6556
150,1234,e3d1dceccec61dada51f23496129ba538e6fb99c1ba459c889ca746c76ff7567
151,1234,0935ac4efcd681686c2515094bcab8233ca04d2659e0f0ebcb805041705397d4
152,1234,f46fdcf2865b91cf6bb13e4adbbda4745e20469cd4bab94ccc3a19a97ce50a04
153,1234,a797896e56df275bba5da46d55bd86f77cc98517d5514a565eba58bc79ec52c0
154,1234,77fdca294a7657aa65f7151c53bb9c666c973569613cfc31d06c709471904f16
155,1234,f1141f8e19646d43ae6498102a5d02e5fc26121a743fb83cdb5b10b8314cdfad
156,1234,fc5781d220d7790ff9e9c5f1997e4a208237cc0f2637acece82dc49e068ee5a3
157,1234,b76ea08b2832a0db5b8a416e005f05c68d3c8e5b754d37b710879ffd88d933e9
158,1234,4796eb70da2027c73d253d76275ca8b9e8b3b9f21da6d6c01d59b604345f645f
159,1234,867233a50348d5f7659b4bd536d5e0e3a37dae6ed5157c05483dd6ec83943c5d
160,1234,6d3a3477ba3b42b66eacc230ce20535e5f55b72b0c4a00c9dfe3d05546f6ee2a
161,1234,d11d2379a1388a7a863343ac53b4a0207bb612d21ae1e15f39b7961a6f459382
162,1234,77da024aa09541a4c76b68f142129d830eb5620bc505b64a42c3610fb8de5875
163,1234,2e377a130b506d2e9757ed42b21c6b38f0e1cc29942ee9b29ab71ce7fb3327e3
164,1234,bbaef517a1ac30447b30746331a03c871e9be177838f7e7857aa8e2e6d2771c7
165,1234,a8476bdf831a6ffd6fb19afbdaf5a686b8a76c2c2037b66b0d6934fed8570fb4
166,1234,693ee49de274bbb95c78b27f26ed3ece656506046c6ba4ae30a5752e19b571b0
167,1234,bb0fe0f434ab852d9c72c538bc55b425b344a0208994e8f61d1a3c959d5374f0
168,1234,adc6b2d61b2272c09117660904637756458509b5d11cdc7faffa68f1403ccf7c
169,1234,7039b62272e86d87630e1b2074d374f27a33339f7437dff2b3058cf8cf3e70c1
170,1234,6d153619da702f4af5b9b3539257a121f92f68949b7844d45fccc522eed46267
171,1234,9af60bba865067c7ec2f9a20a320646996bf5481ab2b2433ae029ff8459134a6
172,1234,673ead3be745ed9dd8988055180b54b3bf10ea215b5773ac430b33fecfc2c982
173,1234,e2958ada307465c8991ea65fed53c310864d7522ca2d63b885ea601ee10dadce
174,1234,e64237d464122ab3b33e4baf1e6d28cfe64c377a4ec1e42d6c53c3897d12539b
175,1234,a09d531997ea5fe54df02b58e9c54496e7aee79a5006a92ea81a8d3d644f909e
176,1234,c7f09b27d7403169c5d4f95a5b231905058b31f4b3e870e713108da3bc611aa7
177,1234,96ef1e07d145245528945c4a1f1df4265ea4cc991f40e99c35a9cb4e2c8e835b
178,1234,0ae27a0905b26b7c90f630c1932516dd2a087e1b060787fd60e7fed4dbd7e28f
179,1234,434eb180d000ec8f83e6f1b5a830513aec4eb50becf1e57310573fa5e0647c19
180,1234,052845b728ab4d1b85a0453509f2ebe2509b5f1e1f9992dc6b6bb7a27e723af8
181,1234,2fc452016fdae04c0f6b9c1c46b30429fd05f1cd8cb0c7bb9989a4c5256d3d1c
182,1234,fb0b641d8f08376d3abd5f0154c3a3426a4d4855c0b28b0309cadbda17fa5915
183,1234,9d31a54698b87e70180de34706cca5d1eccef8299a2c7fc157d660214774824a
184,1234,f49d241a357704ac788375fabe30d0d5190061f61d0ec66d75f8dad57a0f9de8
185,1234,d8dda744e2a90cda650704a7e703440ba5cb850fe9c36674d5e3962324e292e3
186,1234,7aea4de0965339d4614ca02815440fe4a1156edb7e453469a08aaec7700d8b26
187,1234,320d74e0c1f1c9e50b6b44a6edce7b281fae9d9d090c3ede1cb0b5600f5b5ed6
188,1234,4a75aa9772b752d54b76229f588d435b36e4146224d6e83684670d178afee2e0
189,1234,a8dc361b0eb88c77d8db363cc90b11d1a1148ee924ad20d4435960d603b5a198
190,1234,3301c832e279d16ee520fb7ae5c4f8abbc12746ce688949f0c34cc0fe56f59e4
191,1234,6d3311b843f1ebfbf6463aae07606e778085895391cf2d977c67e8a4939d233e
192,1234,8c04d7276902db43f69ecd12c7080702ffac1551818838b5958fb017e455ef05
193,1234,b84c8fefd418ee41b64dd29032097adb8c48dee4d820a77027509b74b8a3aa86
194,1234,5802343dacf326a46144ac9e62235fee79bed862fb3370b3cac36cbea2ab77c4
195,1234,7e4d22babc93ba0d5f1f331199eee41b7a4410094b4a2984d8d767a7b27b7fb4
196,1234,ab524ab86ed48ecbd4f61e41c636891eb93fe07661353bf62d1f6c60c00e7366
197,1234,8e056833aba09434bcf8d49b02693962cadfb1d1e5ad4e6710b7712426c7860e
198,1234,9e303f8d0946fc7e88a2c0f356d690c1c158eb907e77a73a21b2be9afe9e4702
199,1234,05f2fe910ca6adc136b0f417d6d35ed77280eaf4a5820249e1ad4d3c38a663c2
200,1234,65c2369d7749296a18f778b29f744b9c33daaf694ad918ece13ca419f74e1f7e
201,1234,e50f1fa85b5af257855b0068db7f96771285c6f69c891d96523fd935904c1764
202,1234,f2aa7d37936c6ee406f45ba71f2a0b75246e7ddbf787b05492142ab6504dae62
203,1234,f5d01742c7ace1fa30bc35a6a36af61610869506ae3bca59306ab4fa963ef4f0
204,1234,1c4ad6621235725b47e14241b6c04342a70e50c7ce9ac3c3cda9f684c021f3fb
205,1234,989d6645795d95a6df6ccbdee500202fbf2709491fee50dc38e762021a7d3c6a
206,1234,428a2153dabb6652ed8240f35ae27f304e876dfca8519a7756dabf6c1cefc7e3
207,1234,c934f258d44d81ca201461d8e7fb026d4e669fcb8fa7f41a44579bd70a74c62f
208,1234,28f8d4e4e1c88b806e0d3c7e1423f5c685fe6c1f63832eaefa9d5bb508998957
209,1234,53cb09a7e990004586f0c92b5c544e13e5cf464a6f5491858c8a8f925e36fc6a
210,1234,b45c5d23d26c3ef8735828e0032c9f59138ddd6d3e429a4529b6b68933581460
211,1234,aaf7d3c5a0967aa6a496b189a1263edbf3ff2be5a998910031852d1e2684e7ab
212,1234,64b45584a22ee83db6ed353fe79a75902ad44a65f8a30023b015c19f1da0104f
213,1234,e2ea225795e4fed5451acb267b080ac3ebc4632e4d28ed2ca3101524559aac55
214,1234,85747817d36d84b8d27a80e996229acd8b27b661ba8207c3623387825e952fdc
215,1234,ba8bf73f5d369012eaa609de24d567cb7ba8a0258294a98a403140fef9f647d6
216,1234,9975a49225d78b7b31bff583043f5b8b8eed486a1e3effaeef38e3e75666cde4
217,1234,f41aa2db4dc5527f46d86f9e71a8d7c0ce591954b4b483e46245a0d214c85304
218,1234,e882b119a8daf3abf32e3e3ac8308acfadf3fdff42e6a9cadafa27163093ef4f
219,1234,8bdbd3af057eb4372fd5a13203f66f8de3af1e1f1fb0c79cb1e0b17a05112914
220,1234,422309a26748f57a7761eeb2bf5fafb62620c9154f35c1c0bf0dc830ac2f4e16
221,1234,70c816c543de4461c7aacdc612b55de7da47e0f190d6e91596ab9ffde0513173
222,1234,894225aa60e41587b4be8362c27e1c293d2dfa11e6ef313cd367d84fa10c0adf
223,1234,b7619f21bf7309f48c0ad5413774aca60cc6638bebac085d6bb9f83629374672
224,1234,9a67837edc222c54f2268294b3bd706ecfe78eb83ee8caa4768433a486e58ff2
225,1234,509b872a1ce9baf8f70bfe85648a138fc1964f3c30bc2d248f313716b60c0059
226,1234,6ae3af07a2ebb84866dc91698bde55a6b6f5db196d974580c1120c484356097e
227,1234,884819cfd0eebce7160b0361a17eb653e84ed59e6601975e09a24b904e8e69c1
228,1234,36c4769b71b1b7ddeb6162e2667265a5633c6db4a9833d1a6539a95feaaeafbe
229,1234,330289de0e10db51c7fc6b0af34e242866f6333a5533c1bc389e02a6f7cec070
230,1234,a9c25822122726b071db5c877c349cbbe998090518cfe2c83c0a550552e479bd
231,1234,3db7e0c1c07469cfa1732d06e4dbd887cc08923b6e0b66b4c39f15e2c30d3b96
232,1234,2f5e68368a77eaaa8ae403d03165b20dd47ba13cead4d26127068e73e02bb72b
233,1234,9817c63a398521cec4c012c9c9f89420915134fdd3c79b6e69f7f5f88cbfbc82
234,1234,294f9f7354f7f904043f8a5a33cc3db7230f838b7d7385abd4f67a43fc457845
235,1234,889570afd0774ee363109ba72db0d4be20f3d5863abbbc0fd4d9736544c93918
236,1234,71c9d624489824ca661079da477f4be173d76ff1eedafbdfb9c03c2645c1ccf0
237,1234,8ca87f5d3debe6dd7bd8a29d481751ac6fb76b78e79af77c707ea1dddef8b372
238,1234,f27ac74480e895ec8f9d860c5ac9af587f083960615acc70f3dbce37cefe4ab8
239,1234,d2efd6a06a1dae849670dacc77b94f97f7b64c2738b096c2158d878044c70c19
240,1234,d1d950bcd8de54e5ef5108a5d02f01bd1cf48c942c03b0a8779ff42cb08cbccb
241,1234,4ba9085fada899f95aac8db1f8345098891145f0ba61c7e27fd7a31578d07945
242,1234,5a79d051e1325f258563fa519cf632d15d2acfc8ced95bb8f336179d5f47716b
243,1234,52b7a1a40fae406c3970a96b83f5e53794046ae3f8a9c5c3390ae82eab2fd9c9
244,1234,2cf626e4b19f5b60510331f7793c48a6b845b8295221f50931e3ee3c448754dd
245,1234,c1f0dc4d375ddfca08d4e741eba5d3dcfaa41b4265434ae64cde9e892ed07e2a
246,1234,786b883c2a1838774493de084b67686703c241bc1f58d809d00d01826827a504
247,1234,e42a1640ce50172d4cde876a77143d1fc4923d36353689e58c2ac6e689d00f41
248,1234,a1ce66659c59b32d2a2cfcc63cefa5286f78bc11f8cccccc5ec6e61f219120e3
249,1234,1713807929caace493fc6712ad15da5a9aa00766028fe932ef5dcaf8fe8c4975
250,1234,dc7035dc423369e36168957077367d2d46d6c0f18c85fbf017e7dd6b946ea76c
251,1234,953a0c2b5c630b4d2c052d57df2ca35c3b1f960595df61e653d8374d0fe6448c
252,1234,ee316812f2fb65db108f44ad6819e01140b73d22b3179b2129dd3bd4fb59a45e
253,1234,caa3d375cdec1d25c293638c88c072d1a208ee9069f8055bb2234de40e2d1ba3
254,1234,d2f16367a171a98a1584da66410c17b7c040a524437f0e105f3d64862fa3f920
255,1234,55325750be81b7d7ab7e3433993adc1eba60ff4334b5b97a690fbe3e542a4702
256,1234,e2f2bd37510875ee7fb7fb0b6d60554f47135da9479e6748f3e5a827ac6d8c74
257,1234,74668fef1f6badf7b5aa21fcde1585bffed81cb48ff47050ff0f67df2daa3c47
258,1234,c4abe98ae3373e1bbd220a1341cc133836157b0a9423a04db809c3cd71700191
259,1234,df5077e0c64e03944dfe84a3e3cde4610215600d374faf525a719af917214bfe
260,1234,d09d0ca4c2a04fd0af2060cc9065812b5e5b31b6eccd23495ed3e1db70501e76
261,1234,c843048f9d31b24729c33ed0949971dea54288cb9bbaed0b99f652f13def49b9
262,1234,49a50a09391cb547e09be949c8927e23b3ef2d40bfe90afaccf88b9fa5ad51dd
263,1234,3ec15e3561d87c3902682ae2edcf1c8395bf05903ede4c3347c9f2a613612417
264,1234,a35b197241bf50fc68b4bd6f967b4bd95efa64d83c3bdd8cfb277130271fc230
265,1234,5ad76da81890d3717bb5c2b803ae1abd8acdf0e63403b7d5f69e12a45fb52f5f
266,1234,3a4dbc0df3f5b899bc328daba3a01680c812d3f5b2d846355a0be180cf9040d9
267,1234,7f249d4f4362ced194b6b080acc2282e09953c1c9c8b060cadd7b6d230c6e891
268,1234,e5a75aec271d72b7ebf21bd4e0090b6e0352777bc901b56ce28ae92d0a62aabe
269,1234,b2bfe0684ee6743a915c5f8a24f1fecf4cafa266577fef5b93838dcb6faa03bd
270,1234,f854c902c05ed820049dae7c2d38a00a8c9eddcda528f7047c992e289ecbf757
271,1234,5276e1d5971ccf0ce84a68122299b5052a0db76e9129f40d142cb87aa8a8eb88
272,1234,cccb1173519e7fd5ca6012b44b6b98b15e053badf1006243a254fc9d67bd9a3f
273,1234,099fa7d145c9e08ff6ce59b8945772ec49a06d6575f289f6d046b2297f2b40d3
274,1234,14e8aa2564cbd92cf0ee1df0939373fb50dd9dabf69b01b6f6cf82d0408068d1
275,1234,918cc81cd694e509c40ff20ff6639b7f044ed463a871d63d29d87b2817289a23
276,1234,f346dc4f749c22861160e867a655b0f355d0ec21d474a45b6855a1e2f4ccc09c
277,1234,36ac159edbbdfce2619b51f102ad9d9fc89fc9268e20f4e908d5ca4fe3e488f7
278,1234,cc572ec5e291abcf981763673eb3f1dba222fc566a22e288a6f63909dad6684f
279,1234,5bf06b410121b3b92d0cc10ece40f737e4f772c2644e3b37cc266710e3f7fbe8
280,1234,03087f47af124e8c4c81816225115bc908b73b0e8a82271b574ced434f99f6f4
281,1234,a12aab736711e33b992d91a0b3f46516cf59703c754a760d1b35b900e1a9db68
282,1234,42a208e6810a2604b6d65b2354c79ea49fa055c97c68b2aaaee0373c6d278adf
283,1234,eb61c55950f26be779eae709727efbc43fd46705d6f7096e0a7200ae8566d9d9
284,1234,dd31cf244503e9f9e0bbd675d5048323712975618f4992711d4bd0f3736038b5
285,1234,2492220bb0e8aaa2046f34bac5e2677dd19d43baaf7681aec87b1f431fda077c
286,1234,903d391f437bf78c35b5bbba0066971f00473e994e4805c68d41066dbdf65fb6
287,1234,7395aece798817bf858fef15444706385300ee8d1dbdfee8f988ef7e0fdaf27f
288,1234,adc7a88fa37ee4a58612abb09c91719aba0359416b429e05618ba9b652a3f66d
289,1234,305b6bd93df42c9c2a7ad76b0d1317c60e007fb312fd15c4053e422f7f3b34e1
290,1234,b5d6a8562485480327b09c5fd82f7cab6bff8fca20c3e196f54d742f89508d7c
291,1234,dcee34d08f423af6a92b6f8601eec3dcca455ec5ac2b3f5ed02191c540810f8e
292,1234,15f21760dc3bef64899f1e8375fd48e4eae45782562cac084942fb259c339f49
293,1234,52e3c7ea811e8af0e5f8b79f9f8e0526a5f1e1361e542ce1823ce408563bd4fc
294,1234,3f436113581a65f81fd45b4d657ad5cd790ac384fa1d18b74fdd349ce600b274
295,1234,43e80cc798f081baff5ad05b0df31fb37b9779122224d16f12ca93d4cccdbdb2
296,1234,292219eff348a1ac6ae63c561340785dae84b8254b15a528d79e64d844a41231
297,1234,e2c4fdba1dce71e1c6d48b6e28d80fc9da8489deb648e5854e7b58d766fe01e4
298,1234,fad3455084c65a04c88b94a738338f7e67e1d310785cb2025819b9ecf7c9a09e
299,1234,2ce1217b06b96dbdf611763cb2ef3f19e21226a19cb6ff5ab6154d979bfdcfd5
300,1234,85a4ad44625639e13179cb0da55259c7631443f84729a25915bf2f522bab963d
301,1234,77e4a590a29cc59bddb6b85edcd3496ed2972b5e586ec2296ecd8f6ec4bde0c3
302,1234,1a61b47100639b121edd4c41dc34609c0fa828cbe11d7cf5db3000557ab01d1f
303,1234,c69a8eb60b4445fbe9521d4baccb898db7f7f5253ad3be73a07bc7067b90c1bf
304,1234,22375179d576d4cc97043c74a21304306eb4e60789127987f7c4fca44d4061d7
305,1234,8d65887e8c2422891a72403e4b4ad9d81827ea1acc3436485d02f924bd02bb9b
306,1234,32171554659b6159829807a5a6001370022c189f17cc08c58e70662657eb243f
307,1234,6edfb238e1798f266a22654c185ebb424c442128acfd65f74d5241a2ca2c04e3
308,1234,c398ef08846e9a4f7e489c56df45ffd126eae602726c0accb887a61155db0d7b
309,1234,1407ac0a396d725d0c2f5b2438a7d6ce3671bcc826039cec6cd6fc65ede8a7b7
310,1234,68ce0124b586365544ecd819a6ad3fae68457e7cfd5dac9d669714339b47abd4
311,1234,f9cdee58fce4b8f580423ed87ecc16348a64a1266331b9d6a010755ef6430407
312,1234,2be9f8b9f2688425cdf665322e4b83ea8072c148efd8c06955c0254de72b5147
313,1234,1328bfd1475c42048b6a1c15081b6e6d930f73dfdeac9ea7e1f8ba1447c7cc1e
314,1234,02a9d2b0d699be39701cdccd09c7e6b58f74c4b5636b4a1e287fc72fd7e22ca8
315,1234,e18cfc4c9b00a7c4cc26255a068b34becfc0fd48060136431c25a2f4b0bb5f93
316,1234,9653fe4f55f2298ee334fcfbc49aee5727f471f1ec26ee8b2f520f9e28ff740a
317,1234,addcd1bcb49f824750b808fa8fe240e361acdb4fba94e410539cf27007ca8b6e
318,1234,fca8d1e9538bdca3949e4ce2ea5f551422517f1ad29fb947c3e7eb76cbca7cef
319,1234,8569da3b4e36c190ad94cb1aa703404ae5fb494874d5ebcd144c9e38c1dd662c
320,1234,a9a86febac3b1c9351428fdde48ee29af422626aa57c8374d7f4ae1bb136b042
321,1234,a54e8eef43b47e11947e9c67b554caec55f137652e8859f189c21e85313232a7
322,1234,5b97ff22e2c8079cb698e4d96a52de07304e77c1ccce25c79eb5aa0a0f4f1a34
323,1234,3d64f55e5e5221efcfe3e695c8bab8b775fc5a51b8e4fb9881a130f424f09199
324,1234,47bcea286f5174f7ea5651ecd2af2f566598c5cfb9c04b90d50965b8958fd32c
325,1234,e3728c0b7b4e079c639b7f8d48a8d3a88026da72bbe1796e9c32f344b4fc6a13
326,1234,33b4fc0ace547a54a524fc4700edf5d3ba83c11e01e7cbccdfbfb9738da7c0c8
327,1234,19de0e02c903586c7213986368e829f706f92da1d0a49206ffcc982fc0a0cb10
328,1234,fe94a06304d2651c527cc9d43c312aa4e132a0f65c05bb4210ab543aa441c84a
329,1234,b74104f897f1ade1dfef4a4cd05181709074aeb6c6c068cdfba18e78d93a3948
330,1234,121b27845c682da0b0695d1c144b514a26bbdffe1cbd5e0fb22ec4a6a342a2e0
331,1234,53726828ca681d1d88ca1709f999fc6e01592e4349e691735754cda1e047cce5
332,1234,50d4e37289eb2b62247caa63f527b8bdfb07d347e79c378dc1a3deda7a20422f
333,1234,339684d50e4e98606169cc7cf0e1c5d046f286300ef2569bb89604159a02fa9f
334,1234,693d36f3930f20ab1d0a90a611b5ab5d6d76a99c0cac0b36a374f692c85cd769
335,1234,717f9834706fa80fb378ddad8e283c2dbb79c80122c4e704e7d0d9b07b4dfccc
336,1234,759f0c474817e226fdcfa1ace7d07960c65f4b0ac375b4e60d477fc9a52c3648
337,1234,b0602b6296b06bca757dbde828f2fe6d2e1b7eeae28b0129503939c79cd053e3
338,1234,b588ba2b361e86319585533830384c7b4389b4dd427779b5eb6c93baded82506
339,1234,29165917bbfdb9f977adfd3bf0b42c639f1d7f56e04c1ce7067102a16d92f4a0
340,1234,0f7c5b63ab30a26811c67f27a4612a54cfb25dfcfa7d48651ec7f9e68cb48770
341,1234,ce3a51c9cebd13b925934f5aa6b0b73f604fe58fb8b0d880876a63e208265f03
342,1234,184f9e2fe90b21e501d90148b47644e7f3cfcc217fefc72378fe5d4d27c88a73
343,1234,140fed472fa2fdfa9e1ec53f4134a8fd5e969cba815699372b703ca34711fe22
344,1234,358664532d554e8e645f0ce897106e89ed18b08de26faa1431f29b18889f6334
345,1234,c8b8799e608ee5c8bdc5e3f86e27403f0f2b067a3593e923108f8807e6f155f8
346,1234,6839a9c546fbd28d6f788907b53a07ea5739c8119f4cc80dddf4e4fdee06daf0
347,1234,752bbf54b4c6b3a7a6a7ba3ee3a135df627daf57ec53969e05b81d68df117b49
348,1234,14d5f359401c4c87afbf3913931ccfbdf4d50fd3c2c873f86fd373e023f43659
349,1234,6643f9e89d5495859adfcfad3dfadf202db37524b25d50e44a8307ad4fbcefd6
350,1234,2b3b19e65dbf2d2049d212386c0c2e3c2984fa0301f762a5d73446a746726971
351,1234,3889dbd80bb81fe62a26cce00cf7e00966ed994b9a55109aa2c5761d8c441e43
352,1234,0432eb7b19dccb051149a81409b5d83df9df04e0cb1605a7751e8eb99d490503
353,1234,03df6b54b1334120df84750974e80517d245d60b9e9ceaaf4477d965f812b9dd
354,1234,6cfc5ac7da629c94086a1f42bfe3c59d68d8b6d67d2b9a63be94920b23f212e2
355,1234,84b3fa1e4e06a9252bbe87249f13c3048fe2554f2c20eae547e3a20cad7ff2be
356,1234,e88ce1bb79bbf306835d7ac3bcee9199eb13b4059d7408eeea001be4f69a1a52
357,1234,a50e1fb8b09384868b3f5c2be168ddd8d8a12f28be7f7521e2e7d822eb504991
358,1234,ff8b12c9428176ef882afe3fbaf2cbd2f693278f875927b67f440dec35443e14
359,1234,6156794ba5e44ddf07dae95de0eec310ec9cd22bcf7244d216f1ffcbefdf6c97
360,1234,d1450b6648a0ef09e657281e13467398062749130461d9d7c885ffc55096a5e8
361,1234,726db56529fb6969a08c9e2733f00782d01761862798a09caabc078d4ea723d6
362,1234,4aead16d6d9221024be59641983d443104db708e1463499af81968448c68331c
363,1234,ae2de35a511dacc65a43c658e46f18b918f33b8f72303b2a83ac2a009f030d05
364,1234,a82428a882df24bec6d4e25f74a741f25aa35163ca28a7a85cb42473c592c6fd
365,1234,9b051d896202cffc73b8102914729fac960f1bd73979261df37f2e4ab41e67f8
366,1234,a93055f2ffa8058f2610011e03544bc4587d4cd7c70a25417b429bcb8f02d74e
367,1234,f869f85c3f9fa6943f51261a38407fac3f665ac1b8334b6320131d4c8ea7b220
368,1234,f2827d42142460ef1fd469f97a09488e50172f6bebca2b80f8e3ff75c3176fdd
369,1234,4b66026ab2e7dcd02354b91399b912b859f87a28e7a21f4e0b5da3edd58a4389
370,1234,fe81308935ba7dc903b114e9a76b026f960831f6e1612bad11f1afe8087bbf6e
371,1234,06eadfa4c7b6acb24f47ed4f3fba5a64984b81838972e76b67fe82588c1d114d
372,1234,5e4f7e17a8fa4229cdc5399552b754084c6f1e2151689779814187b02cf16941
373,1234,1f92115584ab5d2bac03725630d51230a2265be2f0af4675e3113c95869ae30c
374,1234,a0cd842044b36b40c88e6abcb5e6d10a1281ee5ba0080862be8560ad519985c6
375,1234,af7c73b7eceb6f09d7fc8f049630d2bc10ec2bbb975e1aa51dc21ac55aed22a4
376,1234,ac6a338a95e232fb2ede4a8f6d155102b685e681fc07a9e3e8955e1b8ebb5e51
377,1234,39f655f3cc54a8748606067ba5ff25aaf1e34a1bdb44cb6e34c4e958c21dfc43
378,1234,5115928f681e8bb8a399335abdba7167c6e445a69d8dd87faf534e52b15ee4a6
379,1234,f9cc40ba3ceb5ca35d0e0062db17f065f17dc5536f27834b7c6876769ac911dc
380,1234,b92a56d63ab476e4a38bab3a4938f400e7adb26e036e528f0f716f9caa4d88ed
381,1234,689faa671e57a9fb8e8c0100fb89e041e2f411fbba5b59b858a9e9c4cb69c353
382,1234,4fbee6317e438837be7cf5e77279cd1119bf47d04845f9a2dfbd65455583e81f
383,1234,7f6df554aa8d6058b8eb38c738385773ab7c4d7aa669471241cd9453f349a70e
384,1234,af2e57389da92ee2961328392b79a60e9023bc4fa3821d337fd1bb5275192716
385,1234,0b8402afaf4b43d828d76f2e320da9f7fbabb8017ded3f3e387b25d36931b14b
386,1234,4a7b1300ddcfa9b2aa7c60cc18c4b467b5ed3410e64d8ce28da2749cbae56bf3
387,1234,4401431f2a3a80afdf399615e35c1a96c699b0de33f3b5cdf2497b5003297b45
388,1234,defde6fb71b9deacef1f9561c11f3761719e6b11af2e5fc85e0eacc03a947e20
389,1234,cb32316570946db814570750d445ebdba5db48e1419838113ba0d350479469ad
390,1234,fcfb60ab3587756487be5e3a49919f243ca86fe4f736236495947527855263af
391,1234,5a75ee57e0a73963f87a48443b5cb56bb158dd36e9b14b6f37a8df1f305f422e
392,1234,a56968a4015b9b4a35c6eb1a454c7f12c70d5138599272467d533b0a645ddbaa
393,1234,5514ab2f8c6259fd81e818c5b5b75804698a368dab52aaab3d288cbeb45fc524
394,1234,52f794fecb15514201dae06ddb87d540c76f5c9bd8331094e905894f93125a21
395,1234,640337f86686f82a32bd033e45a0c54498852348f1277039d08acd03ed770adf
396,1234,ba92fc539726c9dc88f5d00dd7367fbe2c354d80fde9354fb88580d9f788c2e7
397,1234,ef98f6681052270a5166474c5fa92d8cd86a93eaedd359c12d320a217ed43fda
398,1234,e280abfe95c9294d0647b911a24c14e7a4c21ca124be2e0b776f2a1899049de4
399,1234,3fc283cc163a30ab98fc89dc13601d7684eddd21bd910815c2a794b1f51e34c1
400,1234,7563819dabf24f8088511f48420d034618a343ac16d98a34678b25d92a5f9fa9
401,1234,c4dab6875e3c8e2c811c2d0061cfb30a40f9f5df348739589dd834eba33eb557
402,1234,47cca0608b36f34749c37686af9323fb94ed460531f0a95750fd41981c9b193d
403,1234,26aa1237d8ebff71e3dcabb846a7a58fd4ed3d7b8be54470a8244328b37cafc7
404,1234,51b67a953df8bbaa0a5e62ae69d42d46eb338d0bde38be7aea63cc4c784da71c
405,1234,c9ce69d82fbefa9d209b9da70faabf51bec1c1ad39c027226d969d15f3d585fc
406,1234,6b4c4acbceb9366ba89b3abd8a0a46bbb87c80ef4baa4516a0b6da2ad2dd52cc
407,1234,62c7d646513a6a034b06b77d4987b713ad84a3676f7c91a6f7293e22a76ed129
408,1234,91fbaf738d1daabc499d6399fc643e55e12d0c64f10e4f8765e998f08023f5f0
409,1234,0d12391d6f9c041e3cf15e85c0c8ff21394a4758d00e038391f176f3e5488e18
410,1234,7a66bcf76d5d05c65b819ce4c3edfc1ae5ee74d24f9662003804784fb8b69101
411,1234,662e7f1f4ef81ca4dbfa36a0cade8c127c8fcf40742c3cc725a23e7bff32e4e3
412,1234,c42e791e8818d8312e21460ce625a25a1f0e6bd048a82d61d4bcfd598d953dcc
413,1234,68882743f0ba1af3a11b89e709dd7b14a91ee957915415a759f160aa42b60098
414,1234,5798efe9cfb35b25dbd50d12a0870f577a759d269634a2d8274b0629f5d787a3
415,1234,8a64e004482b2f5a0a82a8c9bf3c6d04975607f80e6b821e8d3befea8ea7f712
416,1234,f14aa4620ec5ad15af342802dbc6aac980755dab0592996c75263c16ce29df57
417,1234,ac32c43762b942983d8a2f63bf59b5c1ea4326fc8ee257034106ba6894ee48cc
418,1234,55f3cd15c038a1485415cd34400a826bd53a6646916d22d9c679f310405eaf2e
419,1234,dd49b027c09b1f93abb3ec6986157a5191d9814f358d966bcbff561363dc5d04
420,1234,850e922702737f47a320f4c33bdd6505068c41d600a525873b02bd76b51e3a29
421,1234,6e7337ec9c812602479a8190e5e96be278f55d8cfce768f065e00ac53a889efa
422,1234,a7bae26dd6d22d08ff9a8e39ac64ca57c076bbd6c18090e2818308c7fe34f48d
423,1234,a3894820a5c66ecd560c63f59d901ee183958777ebe143564d66609d8dab4fa1
424,1234,7e8e4e0ee61463c9b2e95aafa702ccbb32711fddff6ac4764a275fb8bb3a9861
425,1234,65f9808a4214ae012b02d6dfdaab71aedcb9c93eef229de2e8fab4fae117b764
426,1234,8ab3335f20b1326817cdb1ef2ed5f8b69415dec2943582f752bce81b3b746475
427,1234,90a7b42634f28f037e972cab1cbc1657470b7f23be2532c46926a03539a0d1b8
428,1234,9f4be66f6fa1ceb06299e40b08b241019726f82a4627c7b8df749d7a6822fc49
429,1234,ea13efba43806d95af336ea7b389bd0d3e31a335f8eca080f3f7069d986d524d
430,1234,3d3db6b24929b7db7d3ebcf8dd1ee0d6f5c96fc69d929227e89e1285e9e9f2ec
431,1234,408ba082891dec2ebd8adbcce8f4442bd111059c12ce9a37eb2ef136e6ca3725
432,1234,2732b5b4866fa34238dbb2d3b5d7f424457699dbf76a3bd04e50a5a21e00fe57
433,1234,0a02a69c14ce61dfea0383f6dc0e8097be0113a53895cbc74b60d7c8571de2b6
434,1234,a3b85e994206f02720dbb0493eb931f79cb40a91c631f26c5491ec9987f3c226
435,1234,27caa6ccbbc10ebf4c6f020f610aaf1b4a53fa32582481eb81c0d10ba563d339
436,1234,e28adebe3b9bd974ccaba83f2f16f00efbe14151e6fa8f2a0184f14c6dd2402a
437,1234,3f6b62a49be223a65cdad39d315dec1d3316f74884d8f334ce86f1b94488d06d
438,1234,c96086b05e5a12e21c6d0cf29fe20a525b3de429e355e0f1bb43f3ef4d90d6c9
439,1234,8afcd3e6f79cd8369150dfe213f58c06a3af417ed226052d041ea16eaeb0eabf
440,1234,e42bd26510d83d2baaa8eedbf37afb3ce2b03c65cd2cc3220caf877df3c10f5b
441,1234,743b26e290c38acf95f486cea894f4db2780d9d1d53db06f9f3c5be54d5afe8c
442,1234,2c88e119ba206dafd5740793ff3a2900a2a0755e5821acb58e4f979c76e08dbc
443,1234,0e0ec8aadebe09bf4eea10bf10b1793c09b805df7fd2453dae2fc517027cab2f
444,1234,849cbb6f31a8da0dd6d8316be0b80e4c805bad8eb56d6156826ed084c0dd55bb
445,1234,52febadc16f6564c37ba219dcaf616150f8cb57fc39c07b045cd50aec8cf8800
446,1234,1ac6af28e8e2d88fc77562c6422a75637c18c6e4543c7477a88d662c5ccdfc20
447,1234,15bccb17c8e0c340daa60440bfbe75ca89bba043e78a2ffb610d7734cba3254c
448,1234,834b86f29bfd98bd9ae652600d7d72834fc057eddcf0456f9876214b0d616729
449,1234,e660b417939718107385e8ec77389474571e88c43f8d378516718f8547cea840
450,1234,33e2aa437cb575be7fa2b36b3e38be96a2bd7157f7fd50865822bb6b35c8f935
451,1234,b0fd23ac7023d1aed1e364c3613a943c7786c006a322d8cf32b38f3afa012b35
452,1234,f1169dc7fe4996d869ac174df292d073ad0f36b8cfd9c86a4039fff0a671b7f0
453,1234,4fc4328ce6c693f90f363b5f4f24f10e5c500e2457cf9afc3bf5170da7e40290
454,1234,0be465fd81750110835ba6267a56848ac51795fd6b06fc3da689b4ba0a10f74a
455,1234,80948d77fc2f04b2bfab5774e5d7ba5f5bf17a3e5711b71138d3d0ff06575482
456,1234,8e5c13fdbc1f4d0d1783f5e14439b4649a46a09e18ccd96dced5f937127fd833
457,1234,0b75b3a4e58487b0721689f2b47506546067a6231cdbaf6468434d39f7f51298
458,1234,f1ed1796c04d5d04726423ae6c9d7b78c968f7f30e6ed99e9034137fe1d035ed
459,1234,385e5cb308de426174c193a3cee1605de0ba7b334bba91510a0ecd34bd7dd2c5
460,1234,fc583da1f369fc7f58a08976a621247611b900dece7aea3b0c92ae1de02378c6
461,1234,d129f32b374abfca97d94c60c99635c224690ddf65d67093c72b161d14286b8e
462,1234,a02108754b583315f0eaad4b461fe969a996ff683c412ca638cf18174be78728
463,1234,04a1c556addc3385c27d26f5b0a5e6c7fd1b9ebdbc8a62a29587a32b92518952
464,1234,2653460a6561f2a003ccdf5f9849e8ea4e4b75a0a26984f021952b5e4479e7fd
465,1234,039ad2a6d39f5047473da48e28cf2b6829a9839739b3c420bd3c9736e9b4a4d5
466,1234,50c8b3369c14e47c1c2d644cb7fdbb4fe94558194ae4946496979a7f0781a4da
467,1234,3555b397f25da7ca6ed8a575b6445b91aa0e63e55b98c9f62b800a9d6a4d3c70
468,1234,ac81806e86f7f23c161cd9cd062e12d3c148764bb4e4b397ab3c364cac88cb24
469,1234,76ed16a25d88cd79c55116681e84ff1fe81afdb87878430fec1692a96b853611
470,1234,b75d2e9e29cd714e39c37c9ccb580c4bb718d574144903f4a47c7a7c6a7b41df
471,1234,fca6dcf1f4f5a7e857cb41b2a05f9ac1368da32e1ff44dc36142b56a0ba50712
472,1234,4049356f6514da528fbf6769ac2c8b9e1f62f3113b7afce2735afcf526d97a5d
473,1234,ba24113bec1ea71e30ef37eeb909fb95ab51b23cb8efa925bee03378ff7df631
474,1234,5449d71445f1f99a75535ee355b0dd77700d2f36f7810b2ca34a41a5d5c5e1c0
475,1234,9a4fc4558e53e4f689e12c335f3158902327f85f66f0f321c03e53a7c4dd409c
476,1234,8cbf6c13688c827ca3f78afd4bc95741b42153039bd973b173257387ff39c9e8
477,1234,f1794a41e104795c565d0947011a17aa81c5b10854f736d41d0436791fc970e7
478,1234,c3ff350ac793de1ef3907d7bd8f19c4cb18c8ae90cb92d025e1442891f24c97a
479,1234,5d41be8359544629738620f439f78390cc6d25b9b63944bd8851e402b9f75f44
480,1234,6c82c70c961b0d73531fffcf9a75218e744a47876b455ca2d32e25fe401def78
481,1234,08d8a5b77662b409642f57112aefa4f7e06db15bef135775db75ec7f9586333e
482,1234,45a87864adcbfdbfca03a1cbc11a24ec6dc362151082dce0df1cdc4d02e12b3e
483,1234,d2231e9f54d33c318a1bffbbd813a034246b558065b998f76d9e03a9bed9e4d9
484,1234,4edaa54db799bbb46969b87ae6ccee137527c9e980347ade5e427bad56185c66
485,1234,57a95b28f588c60d3eaa73508b3b63e44f097d38c2e698be24512a4f0155d8fc
486,1234,cc0709102b5b0ce7d8d714fb9f5fa91bed93c8b536b220be9932688f49234971
487,1234,8c17c711898741b5044d765931c4c5b23f1e399d59577f476a8fe923b91dfce2
488,1234,2e2199050cab9486fbc7560237aa614b0d2de491d4f98a3701c77285ad8c2fca
489,1234,5db20223f85367def5963a0a3f855926740b7e52f6c5bae2bb0a73119dab7c5d
490,1234,65e5a29558b51a9134c76d2a7523129f7c066b506f3de92cc48a0f7ab8d123ce
491,1234,dbca9990097cd1ab212a85d099b17f8247b6722b3566d98fb7d4d94e6a9009be
492,1234,eea4a13f487431c4915bdb7c61bb4e1ebd19c08f3d5eef81f2b63038c71456a2
493,1234,b78eac3829d913f289e5880d5473e705120bdf5763b896ab817a525b32c36125
494,1234,7ba763d1f52d84319e13dfc50a101409d6d7ec349315f3e92916aaedd4fd44ff
495,1234,c2a8b0673e74d6896e02a6da840a092f861ad67b9f8cf8a71120f2958774e7fc
496,1234,05e274a5f4519504c7eab9f24bd09256908b31edec7d036e1bc71c51fdcc11e5
497,1234,ebfbe75999b170c95406be35f70d51c2865fac80b877bd120cad09c05454fcb5
498,1234,4b5585d5b1431a39818099af1b44c3cd9b06ec37c87eeb7492057fbc7b3af328
499,1234,fb87601f4ca0f45b44f51f13ab315ab9508783fb50a15c2fc2bc459170f053d0
500,1234,effdb1feece9afe01d11948706771afef9dc9a5dd35c8a3e57535d689f597a25
