city,country_code,transactions,unique_transaction_patterns,repeated_transaction_occurrences,share_repeated_occurrences,minimum_transaction_length,median_transaction_length,mean_transaction_length,maximum_transaction_length,duplicate_codes_within_rows,blank_rows_ignored
AUGSBURG,DE,3549,827,2722,0.7669766131304593,2,5.0,5.342349957734573,21,0,0
AVILA,ES,3207,917,2290,0.7140629872154662,2,5.0,5.183037106329904,20,0,0
BAMBERG,DE,981,498,483,0.4923547400611621,2,6.0,6.198776758409786,21,0,0
BANSKA_BYSTRICA,SK,1583,606,977,0.6171825647504738,2,6.0,6.053063802905875,20,0,0
BARLETTA,IT,1932,549,1383,0.7158385093167702,2,5.0,4.795548654244306,22,0,0
BASEL,CH,3472,1074,2398,0.690668202764977,2,5.0,5.685195852534562,21,0,0
BEAUVAIS,FR,3403,912,2491,0.732001175433441,2,6.0,5.808110490743462,23,0,0
BERN,CH,3344,1223,2121,0.6342703349282297,2,6.0,6.191088516746412,22,0,0
BIELSKO_BIALA,PL,2754,1043,1711,0.621278140885984,2,6.0,6.352578068264343,20,0,0
BURNLEY,UK,1981,706,1275,0.6436143361938416,2,6.0,5.858657243816254,20,0,0
CALAIS,FR,1943,848,1095,0.5635615028306742,2,6.0,5.9413278435409165,24,0,0
CAMBRIDGE,UK,1100,357,743,0.6754545454545455,2,5.0,5.465454545454546,20,0,0
CELLE,DE,2085,792,1293,0.6201438848920864,2,6.0,5.8302158273381295,20,0,0
CESKE_BUDEJOVICE,CZ,1627,616,1011,0.6213890596189305,2,6.0,5.717271051014136,20,0,0
CHALONS_EN_CHAMPAGNE,FR,1978,705,1273,0.6435793731041456,2,5.0,5.658240647118301,21,0,0
CHELTENHAM,UK,1185,341,844,0.7122362869198312,2,5.0,5.3443037974683545,16,0,0
COSENZA,IT,1180,552,628,0.5322033898305085,2,6.0,6.135593220338983,21,0,0
DROBETA_TURNU_SEVERIN,RO,840,329,511,0.6083333333333334,2,5.0,5.030952380952381,20,0,0
DUNDEE_CITY,UK,1588,425,1163,0.732367758186398,2,5.0,5.339420654911839,22,0,0
ELBLAG,PL,1334,635,699,0.5239880059970015,2,6.0,6.10944527736132,21,0,0
ENSCHEDE,NL,4417,1151,3266,0.7394158931401404,2,5.0,5.688702739415893,23,0,0
FARO,PT,4331,1242,3089,0.7132302008773955,2,5.0,5.6672823828215195,25,0,0
FOGGIA,IT,4678,599,4079,0.8719538264215476,2,4.0,4.434587430525866,23,0,0
FULDA,DE,1474,586,888,0.6024423337856173,2,6.0,5.756445047489824,18,0,0
GALWAY,IE,1975,820,1155,0.5848101265822785,1,6.0,6.177215189873418,23,0,0
GERA,DE,2080,852,1228,0.5903846153846154,2,6.0,6.172596153846154,19,0,0
GLOGOW,PL,627,320,307,0.4896331738437002,2,6.0,6.212121212121212,19,0,0
GNIEZNO,PL,1260,638,622,0.4936507936507937,2,6.0,6.662698412698413,19,0,0
GOUDA,NL,822,320,502,0.610705596107056,2,6.0,6.261557177615572,20,0,0
GUIMARAES,PT,9923,3537,6386,0.6435553763982667,2,7.0,7.459941549934496,22,0,0
HASTINGS,UK,840,364,476,0.5666666666666667,2,6.0,6.333333333333333,20,0,0
HRADEC_KRALOVE,CZ,2007,789,1218,0.6068759342301944,2,6.0,5.829596412556054,22,0,0
INNSBRUCK,AT,1502,649,853,0.5679094540612517,2,6.0,6.0965379494007985,20,0,0
IOANNINA,EL,1910,547,1363,0.7136125654450262,2,6.0,5.739267015706806,19,0,0
IRUN,ES,792,377,415,0.523989898989899,2,6.0,6.164141414141414,19,0,0
KARLOVY_VARY,CZ,1197,541,656,0.5480367585630743,2,6.0,6.334168755221387,20,0,0
KECSKEMET,HU,6145,1506,4639,0.7549227013832385,2,5.0,5.552644426362897,21,0,0
KORTRIJK,BE,2369,1015,1354,0.5715491768678768,2,6.0,6.380329252849304,21,0,0
KUOPIO,FI,11053,1256,9797,0.8863656925721524,2,4.0,4.551886365692572,23,0,0
LARISA,EL,3770,683,3087,0.8188328912466843,2,5.0,5.039787798408488,21,0,0
LEMESOS,CY,7951,1676,6275,0.7892089045403095,2,6.0,6.105395547729845,24,0,0
LE_MANS,FR,4043,1237,2806,0.69403907989117,2,5.0,5.641108088053426,20,0,0
LIBEREC,CZ,3025,1121,1904,0.6294214876033057,2,6.0,6.265454545454546,20,0,0
LIEPAJA,LV,1178,473,705,0.5984719864176571,2,5.0,5.300509337860781,20,0,0
LINCOLN,UK,1022,412,610,0.5968688845401174,2,6.0,5.800391389432486,19,0,0
LIVORNO,IT,1826,718,1108,0.606790799561884,2,5.0,5.742059145673603,23,0,0
LJUBLJANA,SI,7569,2107,5462,0.7216276919011759,2,5.0,5.615272823358436,24,0,0
LUBECK,DE,2641,1193,1448,0.5482771677394926,2,6.0,5.938280954184021,24,0,0
LUXEMBOURG,LU,1705,643,1062,0.6228739002932551,2,6.0,5.964222873900293,22,0,0
MAASTRICHT,NL,1914,870,1044,0.5454545454545454,2,6.0,6.212121212121212,24,0,0
MANRESA,ES,1078,522,556,0.5157699443413729,2,6.0,5.937847866419295,22,0,0
MARIBOR,SI,3497,943,2554,0.7303402916785817,2,5.0,5.623677437803832,19,0,0
MARTIGUES,FR,2008,849,1159,0.577191235059761,2,6.0,5.951195219123506,21,0,0
MODENA,IT,5192,1314,3878,0.7469183359013867,2,6.0,5.776964560862866,22,0,0
MOSTAR,BA,704,375,329,0.4673295454545454,2,6.0,6.3210227272727275,21,0,0
NARVA,EE,623,297,326,0.5232744783306581,2,5.0,5.443017656500802,21,0,0
NEUMUNSTER,DE,1279,619,660,0.5160281469898358,2,6.0,5.922595777951525,21,0,0
NEWPORT,UK,2309,893,1416,0.6132524902555219,2,5.0,5.398873971416197,21,0,0
NITRA,SK,1525,577,948,0.6216393442622951,2,6.0,5.828196721311476,21,0,0
NORRKOPING,SE,13546,1985,11561,0.8534622766868448,2,5.0,5.117820758895615,23,0,0
NOVI_SAD,RS,1728,473,1255,0.7262731481481481,2,5.0,5.258680555555555,21,0,0
NYIREGYHAZA,HU,4190,1113,3077,0.7343675417661097,2,6.0,5.6381861575179,23,0,0
ODENSE,DK,5699,1536,4163,0.7304790314090192,2,6.0,5.821196701175645,23,0,0
OLOMOUC,CZ,1664,680,984,0.5913461538461539,2,6.0,5.949519230769231,21,0,0
OOSTENDE,BE,1044,373,671,0.64272030651341,2,5.0,5.293103448275862,22,0,0
ORLEANS,FR,8859,1900,6959,0.7855288407269443,2,5.0,5.655604470030477,22,0,0
OSNABRUCK,DE,2921,1054,1867,0.639164669633687,2,6.0,6.157137966449846,21,0,0
OVIEDO,ES,6025,1712,4313,0.715850622406639,2,6.0,6.151701244813278,20,0,0
PABIANICE,PL,1007,366,641,0.6365441906653426,2,6.0,5.855014895729891,19,0,0
PALENCIA,ES,1356,552,804,0.5929203539823009,2,6.0,5.906342182890856,21,0,0
PANEVEZYS,LT,1567,484,1083,0.6911295469049139,2,5.0,5.37906828334397,19,0,0
PARDUBICE,CZ,1725,688,1037,0.6011594202898551,2,6.0,5.8765217391304345,21,0,0
PARMA,IT,5065,1305,3760,0.7423494570582428,2,5.0,5.668114511352418,22,0,0
PASSAU,DE,1549,804,745,0.4809554551323435,2,7.0,6.987088444157521,19,0,0
PAVIA,IT,1396,682,714,0.5114613180515759,2,6.0,6.406876790830945,19,0,0
PERPIGNAN,FR,12556,4208,8348,0.6648614208346607,2,6.0,5.998247849633641,25,0,0
PERUGIA,IT,11514,2255,9259,0.8041514677783568,2,6.0,5.83003300330033,23,0,0
PESARO,IT,3337,995,2342,0.701827989211867,2,6.0,5.858555588852263,22,0,0
PILA,PL,881,458,423,0.48013620885357544,2,6.0,5.979568671963678,21,0,0
PLAUEN,DE,1867,787,1080,0.578468130690948,2,6.0,6.170326727370113,20,0,0
PLOVDIV,BG,3615,755,2860,0.7911479944674965,2,4.0,4.693499308437068,21,0,0
PLZEN,CZ,3055,1041,2014,0.6592471358428805,2,6.0,5.747954173486089,22,0,0
PODGORICA,ME,1085,427,658,0.6064516129032258,2,6.0,5.941013824884792,20,0,0
PRESOV,SK,1305,554,751,0.5754789272030651,2,6.0,6.035249042145594,20,0,0
PRILEP,MK,700,183,517,0.7385714285714285,2,5.0,4.99,16,0,0
PRISTINA,XK,974,403,571,0.5862422997946612,2,6.0,6.006160164271047,17,0,0
REYKJAVIK,IS,3166,983,2183,0.6895135818066962,1,5.0,5.199936828806065,21,0,0
RIJEKA,HR,1174,524,650,0.5536626916524702,2,6.0,6.146507666098808,22,0,0
SALZBURG,AT,2428,790,1638,0.6746293245469522,2,6.0,6.039126853377265,20,0,0
SATU_MARE,RO,1709,498,1211,0.708601521357519,2,5.0,5.305441778818023,20,0,0
SHKODER,AL,286,106,180,0.6293706293706294,2,5.0,5.031468531468532,18,0,0
STAVANGER,NO,2799,1005,1794,0.6409431939978564,1,6.0,5.972132904608789,22,0,0
TARBES,FR,2783,1005,1778,0.6388789076536112,2,6.0,5.973769313690262,20,0,0
TOLEDO,ES,3443,1121,2322,0.6744118501306999,2,5.0,5.4231774615161195,22,0,0
TULCEA,RO,1282,535,747,0.5826833073322932,2,5.0,5.414976599063962,22,0,0
USTI_NAD_LABEM,CZ,1762,722,1040,0.5902383654937571,2,6.0,6.085698070374574,21,0,0
VALLETTA,MT,3727,783,2944,0.7899114569358734,2,5.0,5.185403810034881,21,0,0
VASTERAS,SE,7792,1272,6520,0.8367556468172485,2,5.0,4.9707392197125255,23,0,0
WORCESTER,UK,1023,301,722,0.7057673509286413,2,5.0,5.728250244379277,17,0,0
ZILINA,SK,1465,587,878,0.5993174061433447,2,6.0,5.752901023890785,20,0,0
