city,country_code,source_file,source_file_sha256
AUGSBURG,DE,DE033L1_AUGSBURG_UA2018.txt,3d8ba38d095d285d04297fe5086aaab7704d9753e871e188d96082be46341635
AVILA,ES,ES538L1_AVILA_UA2018.txt,cfd563e09c7ae56bbc3e0090040f7f6af8ca0d569dff2b1bdc898fc4d307b0a9
BAMBERG,DE,DE062L1_BAMBERG_UA2018.txt,ae5c5aba87a2531dc9e246bb4955317632ee29655cee349d892edd37286cb337
BANSKA_BYSTRICA,SK,SK003L1_BANSKA_BYSTRICA_UA2018.txt,f7c027f244c17d5b01c4f4c6081280a38422e3997aff6b9cd1f77194441d61ef
BARLETTA,IT,IT038L1_BARLETTA_UA2018.txt,19d60dfb4e27e1ea0947d46645b346da3b6008c0f0f96d93ebb5abd27942241c
BASEL,CH,CH003L2_BASEL_UA2018.txt,df04befa9bc64fa61fdd2599fdec7b6b0e796082df49a9faa4cb61f74ccccc6e
BEAUVAIS,FR,FR082L2_BEAUVAIS_UA2018.txt,cace30acf4e6a2b2b94d89532b8b505503d9c6b3f0698ae75f344aacdd5a1af3
BERN,CH,CH004L2_BERN_UA2018.txt,525f700778af33e7e999c395d88760d98e132529f25808a28f3d8589b36416ce
BIELSKO_BIALA,PL,PL506L2_BIELSKO_BIALA_UA2018.txt,e023e88406f106c99d6868a362df25b13ad0c84d9de63c816f5399ed12d392f0
BURNLEY,UK,UK050L1_BURNLEY_UA2018.txt,bb12155ba2911fad46a6a1d8cc3f422148077f51dd6694510ea76ae58055be8f
CALAIS,FR,FR062L2_CALAIS_UA2018.txt,2eb42df15f1b3fb848b2803d81dd68d886ac2b37db11532cce39889988abcc54
CAMBRIDGE,UK,UK017L2_CAMBRIDGE_UA2018.txt,b52cb33e8c55cfceb9451837b54235a39a45fc08fa7a4864bcd3233b0ad64dcf
CELLE,DE,DE060L1_CELLE_UA2018.txt,27c07b9b044a932778ccd52120aca9997c4d1b63ae0767a375d49595ab44179f
CESKE_BUDEJOVICE,CZ,CZ008L2_CESKE_BUDEJOVICE_UA2018.txt,ac436437e2d1e20e4adc50750f2df0106b35e9aae12cf8081bd6a6acfd33a57c
CHALONS_EN_CHAMPAGNE,FR,FR104L2_CHALONS_EN_CHAMPAGNE_UA2018.txt,91ec2c2dfb426529c6dd99348826eccf20dc1a9b9dbb7e21a28b9b53f9027dcc
CHELTENHAM,UK,UK571L1_CHELTENHAM_UA2018.txt,149a6ea61968f01299a7bd69cd39ea9c859f16113dfa7ce2e91dcaefe6436099
COSENZA,IT,IT048L2_COSENZA_UA2018.txt,107a9c781ecd73fbc7c4b9ff27eac7485f167554f2478c540b7b99ebf55d96cb
DROBETA_TURNU_SEVERIN,RO,RO513L1_DROBETA_TURNU_SEVERIN_UA2018.txt,f2d772c75d1a775a67e099d27baeb331638f49df21bca8e821a770f7832c010b
DUNDEE_CITY,UK,UK550L0_DUNDEE_CITY_UA2018.txt,9ca2fba68d30d081402158ce23cd7cffc2669488bb89ef1044d6e1dae421cd38
ELBLAG,PL,PL512L2_ELBLAG_UA2018.txt,348f6972fb299c07d4bfb59284b9959aeb18452a7b04453c385fbb0475eb9b8a
ENSCHEDE,NL,NL008L3_ENSCHEDE_UA2018.txt,aa1e115663750f6e42117146d43f8ae594f4ed2a9fce186770137e6bf2324abd
FARO,PT,PT009L1_FARO_UA2018.txt,7bbeb466893213fa63ca50a03f46e59d00a923f2b4ca4268dcb08a4e09686bac
FOGGIA,IT,IT031L3_FOGGIA_UA2018.txt,09631412e7d4d21e4e4bea6bae222b4daa4e4d7d3f9800c7523cb98c96b04adf
FULDA,DE,DE065L1_FULDA_UA2018.txt,b97330d60d7b211c02fe656d18601b1c7858c3e3b824e9afdbc3d54f74c3c6de
GALWAY,IE,IE004L1_GALWAY_UA2018.txt,883c7f0e6bc25274ce399782ea5e1017430fa9e8ba9bb4f70aa3108069b58d6c
GERA,DE,DE535L1_GERA_UA2018.txt,008f205519823fcaaf9925fb1bb5416e1b46a33f3477f533a2d12097bba9f1b8
GLOGOW,PL,PL044L1_GLOGOW_UA2018.txt,17b27fffe4b228c47f7a50722918a8ce6995a03ac662856f9f6f543d99f72fa9
GNIEZNO,PL,PL037L1_GNIEZNO_UA2018.txt,09d9a0706ca582186ba42ee3fe1ec7a546665ee9f08b6f4fdb7f02a55dacb4da
GOUDA,NL,NL030L0_GOUDA_UA2018.txt,67ca3861c045e830ba01c76a8b555d96d841e3ebefc2c319483d4310fdd82fff
GUIMARAES,PT,PT505L1_GUIMARAES_UA2018.txt,7213ebadae750be95128cace959afce758f9148a12b0a141fbc05b8bb9a719e3
HASTINGS,UK,UK056L1_HASTINGS_UA2018.txt,741f0a821374399212c443d4ee65f554b929b20e0d0ce4648db7e9f797085af0
HRADEC_KRALOVE,CZ,CZ009L2_HRADEC_KRALOVE_UA2018.txt,e86a935bc2e55ebdc4a3fc5621acbfca7110b3beb5f4c79b10253c13c29d6fc8
INNSBRUCK,AT,AT005L3_INNSBRUCK_UA2018.txt,ae514acec44dfc1a2e90a591a0003327dbe27a5a6f917e7632387869c2025b5a
IOANNINA,EL,EL007L1_IOANNINA_UA2018.txt,1ec436be5de68881e295c4b275b0790a358723c778a0343dd37f78f07bc5a201
IRUN,ES,ES070L1_IRUN_UA2018.txt,10a1a3c11a4c663736509f68f7191795ed1b8ce1a93b01646b5827ef6b1cc9a4
KARLOVY_VARY,CZ,CZ013L2_KARLOVY_VARY_UA2018.txt,11c593a0d98d5c526b0794c34501f0df9eae5ec8f2627c3967858cbf1fd02c98
KECSKEMET,HU,HU008L2_KECSKEMET_UA2018.txt,70c33f1a810e556147ca6cfea1e0584193b2c419428429e6840f60a8c15eaacd
KORTRIJK,BE,BE010L1_KORTRIJK_UA2018.txt,0387b51d1cf6f8f62c054cd0f5de9d116ebbd6ce9c545dfe295d922f47aa268c
KUOPIO,FI,FI008L2_KUOPIO_UA2018.txt,446811e8ba1d7d23689b902951ced5f55ea8cf0725fca5debc08653ac65a32f0
LARISA,EL,EL005L1_LARISA_UA2018.txt,06cac94f7df083b2924773c217a453f633ce729a3d47e7d64da35ba784b6e535
LEMESOS,CY,CY501L2_LEMESOS_UA2018.txt,81b1583e7d4c8ee0046b799a7076bde8bf56ff063dc2ffc610d1a2a38edefcee
LE_MANS,FR,FR038L2_LE_MANS_UA2018.txt,ea46734383a98dd093d46ed6c7dd744a9616418105328254adf1270b3c4345be
LIBEREC,CZ,CZ007L2_LIBEREC_UA2018.txt,304f6f0fde8131a414fb091a115e0f67af8267b66477e08fccdb43e517dd8481
LIEPAJA,LV,LV002L2_LIEPAJA_UA2018.txt,1b9a0bddb885057db8ce801f667c0f67beb35ba49faacab5c641aa2913fb13fa
LINCOLN,UK,UK019L3_LINCOLN_UA2018.txt,48c2917ca5d4631fb1bc82a1c495d0e39c8c138afe8496fb303c6135082936d1
LIVORNO,IT,IT504L3_LIVORNO_UA2018.txt,4dac353d5ff1ff40687b386ee5cb168f156380035f5aede71bb2477593a8fc2a
LJUBLJANA,SI,SI001L2_LJUBLJANA_UA2018.txt,6f42e8a64b4af9b5c80990b5214327b1504dcf5c9548b04584613a74bf2f8792
LUBECK,DE,DE510L1_LUBECK_UA2018.txt,8cd024f55325dd23216c6234018b03bc24af650a65df6fc0c2facc91de8c3c47
LUXEMBOURG,LU,LU001L1_LUXEMBOURG_UA2018.txt,27b790ceb76413abbe1b583c555b2b38cc85793d973d273eb72294de4be43965
MAASTRICHT,NL,NL505L3_MAASTRICHT_UA2018.txt,3a868e530b9971346bddbd85c21619329d5bdf7b542b0db619d6c566914aee7b
MANRESA,ES,ES050L1_MANRESA_UA2018.txt,39f059cf0bf04e267a20e9a1ce1fe5379fd6204b2cdc7dd59836f5daef6c0ab5
MARIBOR,SI,SI002L1_MARIBOR_UA2018.txt,d1410979ee8d07c59367bfd92de029e4f29e2d13103950041a0cd233d7c9596b
MARTIGUES,FR,FR324L1_MARTIGUES_UA2018.txt,5a99c367c574a03e63f1dc3c3fa22603e0bcec3f634653767542bccfbe298e30
MODENA,IT,IT030L3_MODENA_UA2018.txt,08702f21aaa551a79c237a502cdd25115f1183da01f47ca9b662750192832971
MOSTAR,BA,BA003L1_MOSTAR_UA2018.txt,b44af97dc24ef9f566b49a524fd125a450df9ee9b7bc521b389afa0aeb38d0c6
NARVA,EE,EE003L0_NARVA_UA2018.txt,aa83d4a2f1371a2cd115885241793853652d8f2e7f728a73df8569f5dfe8cf04
NEUMUNSTER,DE,DE055L0_NEUMUNSTER_UA2018.txt,10bad99dac6e6172f5b23204f0fe3937fe3a8a6cac94b21b946c5733b20e04ec
NEWPORT,UK,UK558L1_NEWPORT_UA2018.txt,11b0d732b08de397e604fd761b09d4761acc7ddf46d110fb2d9e1bb40f65338a
NITRA,SK,SK004L1_NITRA_UA2018.txt,e1f0c44b4afa78aecaeac613ab392d2d6588fbded8cecb57fd7344378cbda967
NORRKOPING,SE,SE502L1_NORRKOPING_UA2018.txt,c8a65fb718ecd07f485c99d1815ccee12f7991a45f57d773a57c83a308487cb5
NOVI_SAD,RS,RS002L1_NOVI_SAD_UA2018.txt,e74d2a8f0cb11a00c81f4a587320ad3913d279644a9d01d1093300ca89285928
NYIREGYHAZA,HU,HU003L2_NYIREGYHAZA_UA2018.txt,55f496ca5d0093092c40312643f592ff5424a49cb6d3a8f2a388a958b3f51e9e
ODENSE,DK,DK003L2_ODENSE_UA2018.txt,cbd8ade9894c2c505d97db22d845525b58c9063d02abd98a68ee4b8004210ee1
OLOMOUC,CZ,CZ006L2_OLOMOUC_UA2018.txt,1fad8255f48c0ff929b7d2d9b2186065921510a25a8fca86dfdfe2e40bb15c5f
OOSTENDE,BE,BE011L1_OOSTENDE_UA2018.txt,a8f4c6b29b98dbefe087c21a0ca88b2c5ed2472083f76e2727acf4d61c7ac3cb
ORLEANS,FR,FR019L2_ORLEANS_UA2018.txt,9d0891086cb45b72ca48778c41767a8f7353667b8427d4bb3d09d81f26d1a107
OSNABRUCK,DE,DE517L1_OSNABRUCK_UA2018.txt,b6dcb69d1f40f7d51376cea59df1b9aa39c355974f8ab86a39514518a230c424
OVIEDO,ES,ES013L2_OVIEDO_UA2018.txt,0128dfce10a88314e0fa53dc365047fb57a05c3a651cc485aaa7e43a39e994c3
PABIANICE,PL,PL043L1_PABIANICE_UA2018.txt,a7324a1f0d99c28b652341099c1a60b21e6ac779d5ec92ff15407eb3dcc7a2f5
PALENCIA,ES,ES041L1_PALENCIA_UA2018.txt,0bbdd670866792ac7f52897d9614e73b7fb52d5bc3272db77573319168ec3b7c
PANEVEZYS,LT,LT003L1_PANEVEZYS_UA2018.txt,cc55b67027d5b66c8bd07c4142e69edeaabc60893bc946f28ee1201536b063b1
PARDUBICE,CZ,CZ010L2_PARDUBICE_UA2018.txt,d19b06ecfa1f35ff8758936b230b4cd2380cf54b17d4b8090232f37c7049bdad
PARMA,IT,IT503L3_PARMA_UA2018.txt,effbf5568d0b04756ac8d9c9b55db9fe519963577849d0701b2b289e74c91511
PASSAU,DE,DE081L1_PASSAU_UA2018.txt,e77ad1b14072b95a24679de7c4e1647842d55b1cafe4f9480b5c5e5d6ea43b04
PAVIA,IT,IT046L2_PAVIA_UA2018.txt,4f15221391d30d5a1d5549fc383220f2924d2d425589e787079184c69b3b1542
PERPIGNAN,FR,FR043L2_PERPIGNAN_UA2018.txt,0271efea977d7f72293ee23183f1931cee96cbc4a4a2d53128d0f78e91027a9d
PERUGIA,IT,IT016L3_PERUGIA_UA2018.txt,6045db10ac10b97aab172f881e2e1f24844ffcce3ec69bfdd9479108202293b6
PESARO,IT,IT039L2_PESARO_UA2018.txt,9565a7081d034e7910df5a3dfcfea95f062b5ac83fe6a89206fc6c3c094a0293
PILA,PL,PL034L1_PILA_UA2018.txt,f9e7e858a0421e0dd9f9232e93a12678c077eb3e871a6ea5c158c9132c4e5b7a
PLAUEN,DE,DE063L1_PLAUEN_UA2018.txt,e70eb2051de9d117b396f54615d9392470a504ef1813094fddd60176e52bafdb
PLOVDIV,BG,BG002L2_PLOVDIV_UA2018.txt,73776acad3832034934982942369ee6a846e2a46c165f6c889fbb0ad01ed7299
PLZEN,CZ,CZ004L2_PLZEN_UA2018.txt,f71f84303a00c4e1273614128fee42b0e6b1f92ae1ae35373ddedad2b9b9304c
PODGORICA,ME,ME001L1_PODGORICA_UA2018.txt,637cbf3be620fb4f9c266a6a33cb0edc2cd3fda9e675820b2ad926f656652295
PRESOV,SK,SK005L1_PRESOV_UA2018.txt,643be9d5443947919338be2a925d91a8cbcaffe65fc218a6c6ef6299f4426ddf
PRILEP,MK,MK005L1_PRILEP_UA2018.txt,2e4cc67b8edbe4e4209d31ea7ef8fae5e72e261064fba4faee045c03a532af2a
PRISTINA,XK,XK001L1_PRISTINA_UA2018.txt,2c5f5abd44bfa8861527413d15b1f98e7b572b3ebc8a875b217dbb836737048f
REYKJAVIK,IS,IS001L1_REYKJAVIK_UA2018.txt,203b110cc1df5a38ee2fd35e9f15961e94d92575c42390aa94bb3c97c2ff4d84
RIJEKA,HR,HR002L2_RIJEKA_UA2018.txt,1bd6974173ca8da6a9fdd4ca822fed4eb6b935f6a3ce8aa58bad2324c1ad4704
SALZBURG,AT,AT004L3_SALZBURG_UA2018.txt,63700831af7b29577f4f66bb62368c5baced1c642b37ae9487040224b1fe499b
SATU_MARE,RO,RO509L1_SATU_MARE_UA2018.txt,3e90433d67c5c2d15296271767eb41babd090511bd95855534568cf3088e2ddf
SHKODER,AL,AL004L1_SHKODER_UA2018.txt,417826d6d4aab3191788ebc07996d940fa21b965584ed8cb171537b52086157f
STAVANGER,NO,NO004L1_STAVANGER_UA2018.txt,a64ae16682b1f091f729d3939ee986814a72f43b6726ead7059db38fbdcb60d0
TARBES,FR,FR073L2_TARBES_UA2018.txt,697637ce8ba1604eff6d42399b3dc0916b89fc2b456427cd31fb6d72ae445f78
TOLEDO,ES,ES016L2_TOLEDO_UA2018.txt,0b4ed86d95441f586d39ba1d1d74507af1a6248b7a388dfb9d2eef8356e46289
TULCEA,RO,RO017L1_TULCEA_UA2018.txt,f6514be9b5f25f183d751c6e1c01f179c6d8a2f77d55f03b91d719376a67e8e6
USTI_NAD_LABEM,CZ,CZ005L2_USTI_NAD_LABEM_UA2018.txt,cc2766511542c8472535b71f7e44b05dfd3c70eb3b911538dd997936f0a620fe
VALLETTA,MT,MT001L1_VALLETTA_UA2018.txt,87238137463458066ea494151de1ac26222f46a9ff38788cbc1f5a3c8c10e470
VASTERAS,SE,SE501L1_VASTERAS_UA2018.txt,6260b07fb982c1d621cc688efd825e1825dbba46b5f4b68d414964976918e9d2
WORCESTER,UK,UK024L1_WORCESTER_UA2018.txt,7dbd699d7877418f044cd7f4ec0afbb1a33664a87352eb900e92c0c0afaf7161
ZILINA,SK,SK006L1_ZILINA_UA2018.txt,5ec4f8f8512e180b16b4cb095aaf1643b579d9b08c87e533214b7627768729c2
